Date,Open,High,Low,Close,Volume
2019-01-02,36.78414211195393,37.72458662290483,36.62740075617171,37.50372314453125,148158800
2019-01-03,34.19316388930112,34.60638999543763,33.72294357800193,33.76806640625,365248800
2019-01-04,34.323789806748884,35.27848283128066,34.15042635194018,35.20960998535156,234428400
2019-01-07,35.314113428905806,35.34498772125398,34.649152921842216,35.131248474121094,219111200
2019-01-08,35.51835204691937,36.05507191717408,35.27136857362246,35.800960540771484,164101200
2019-01-09,35.929187021597,36.69864150293026,35.53496376531212,36.40890884399414,180396400
2019-01-10,36.2165556097032,36.56565974711911,35.82707935334201,36.52528762817383,143122800
2019-01-11,36.306810124740636,36.50154648837544,35.981452295064784,36.166690826416016,108092800
2019-01-14,35.824697423210985,35.924440921467415,35.43759480894233,35.622833251953125,129756800
2019-01-15,35.68695695839793,36.427910763494,35.634709844065036,36.3519172668457,114843600
2019-01-16,36.35430090299284,37.01926139590715,36.33530161762464,36.796024322509766,122278800
2019-01-17,36.62028408574662,37.44198597490383,36.397047009696955,37.01451110839844,119284800
2019-01-18,37.4039811406747,37.49422682619904,37.043002022319946,37.24249267578125,135004000
2019-01-22,37.14511631915699,37.221109811985436,36.24504404145378,36.40653610229492,121576000
2019-01-23,36.608400270150376,36.8435122960888,36.02656133084995,36.55377960205078,92522400
2019-01-24,36.59890123781676,36.68676973887957,36.03606159804956,36.26404571533203,101766000
2019-01-25,36.92425433639867,37.553593252863344,36.64877383724475,37.465721130371094,134142000
2019-01-28,36.99786810096469,37.126112312913,36.49202640019958,37.118988037109375,104768400
2019-01-29,37.1071338529194,37.55360804703565,36.59891469261955,36.73427963256836,166348800
2019-01-30,38.769512886359,39.45821947588497,38.05230556900505,39.244483947753906,244439200
2019-01-31,39.44873654918918,40.13506984718842,39.08063311282435,39.52710723876953,162958400
2019-02-01,39.65059867839811,40.13031699712782,39.405985168485806,39.546104431152344,130672400
2019-02-04,39.75746683302016,40.76678067534809,39.72659254412772,40.669410705566406,125982000
2019-02-05,41.051762882070676,41.578981228642604,40.93064652495009,41.36524200439453,144406400
2019-02-06,41.476860058781234,41.695350007409324,41.04938886264292,41.379493713378906,112958400
2019-02-07,40.94251782527925,41.30824769496477,40.45329804715444,40.59579086303711,126966800
2019-02-08,40.3048068425163,40.70310822980999,40.16885776650786,40.64348220825195,95280000
2019-02-11,40.79613874916217,40.83430028954994,40.36683051801173,40.409759521484375,83973600
2019-02-12,40.56955984328428,40.78421213565277,40.474155993899046,40.75797653198242,89134000
2019-02-13,40.877214588225634,41.1371831649396,40.52661329551529,40.588623046875,89960800
2019-02-14,40.47652361789425,40.84620198114671,40.39781684528093,40.73649215698242,87342800
2019-02-15,40.843836724374356,40.95116286674207,40.486080490292245,40.645877838134766,98507200
2019-02-19,40.4765339806188,40.88914507060669,40.42406278544301,40.76750564575195,75891200
2019-02-20,40.82952646483924,41.337541474435355,40.78182636217737,41.029869079589844,104457600
2019-02-21,40.97501351487574,41.1109589873407,40.617257291473365,40.798519134521484,68998800
2019-02-22,40.922542033388446,41.26121748586465,40.874841931781916,41.25406265258789,75652800
2019-02-25,41.53787203627776,41.94571198087244,41.48778457748155,41.5545654296875,87493600
2019-02-26,41.43054735944564,41.80976799171946,41.30175311196315,41.57841873168945,68280800
2019-02-27,41.311307838567444,41.73822869074752,41.19682321958781,41.70722198486328,111341600
2019-02-28,41.5760424809069,41.71675904686079,41.242134508972,41.29698944091797,112861600
2019-03-01,41.56649922650965,41.773996653747055,41.234978633444705,41.7310676574707,103544800
2019-03-04,41.90280220085392,42.394120255566705,41.49257469823671,41.94096374511719,109744800
2019-03-05,41.962415400636054,41.97672506553204,41.62850744949889,41.864627838134766,78949600
2019-03-06,41.659511495165575,41.855086607706475,41.48540451788479,41.62373733520508,83241600
2019-03-07,41.468717309443846,41.60466642807359,41.0274867951546,41.1419677734375,99185600
2019-03-08,40.622040116652585,41.27792671550732,40.42646491122793,41.23976516723633,95997600
2019-03-11,41.85508080489609,42.720848109464065,41.82169038046762,42.66837692260742,128044000
2019-03-12,42.93073415767286,43.567539610964324,42.78047542355031,43.14777374267578,129870400
2019-03-13,43.46737552238741,43.71780557424151,43.15016460861008,43.338584899902344,124130000
2019-03-14,43.8609111740343,43.908614914858006,43.54131649050845,43.82036590576172,94318000
2019-03-15,44.08749085728255,44.67898009371108,43.82275112158004,44.39038848876953,156171600
2019-03-18,44.3140683580027,44.93179318512388,44.31168098754593,44.84354782104492,104879200
2019-03-19,44.92226139953133,45.07490392114361,44.34269438014027,44.488182067871094,126585600
2019-03-20,44.41661922842223,45.19414495340022,44.05886306469387,44.87693405151367,124140800
2019-03-21,45.320555849510406,46.825516329115906,45.2704683808724,46.52976989746094,204136800
2019-03-22,46.58938884769909,47.14987492430253,45.50181076136391,45.56620788574219,169630800
2019-03-25,45.6759317859226,45.788029035736734,44.50487908991449,45.01527786254883,175381200
2019-03-26,45.71169595103682,46.00267123954299,44.023086513229856,44.55017852783203,199202000
2019-03-27,45.017659015210214,45.258546900327964,44.4929506048766,44.95087814331055,119393600
2019-03-28,45.065352975754955,45.21084063526759,44.72667756034346,45.010498046875,83121600
2019-03-29,45.2752403790673,45.33486641281112,44.96756800695002,45.30385971069336,94256000
2019-04-01,45.706926675834836,45.716465238779,44.929404601308974,45.61152648925781,111448000
2019-04-02,45.57574022852839,46.3795013903182,45.56620166735509,46.274559020996094,91062800
2019-04-03,46.09092150507348,46.86605990037226,46.06706963719681,46.59178161621094,93087200
2019-04-04,46.45821854703762,46.835055514550795,46.06468818261306,46.672874450683594,76457200
2019-04-05,46.85413541671345,47.009165284142306,46.7301122506272,46.985313415527344,74106400
2019-04-08,46.84696971195586,47.75566965032235,46.8278889493489,47.724666595458984,103526800
2019-04-09,47.77714861794036,48.380563770007704,47.51717635283578,47.581573486328125,143072800
2019-04-10,47.38600284310168,47.8773244498053,47.26675076793066,47.84870147705078,86781200
2019-04-11,47.90355368575557,47.93932784783885,47.328757886390626,47.45039367675781,83603200
2019-04-12,47.510019356322424,47.73421380848301,46.796894375967724,47.431312561035156,111042800
2019-04-15,47.36215515270482,47.66505644609924,47.2262060386002,47.517181396484375,70146400
2019-04-16,47.57203341989984,48.02757352365968,47.357377528133505,47.52194595336914,102785600
2019-04-17,47.591116877015516,48.50697558632508,47.369309762567,48.447349548339844,115627200
2019-04-18,48.44495416346428,48.69061310818153,48.30185387954341,48.6214485168457,96783200
2019-04-22,48.37578991902685,48.879033745551126,48.25892159292873,48.781246185302734,77758000
2019-04-23,48.757390726408396,49.54922607406308,48.630983846339284,49.48482894897461,93292000
2019-04-24,49.45621984620272,49.72334332507646,49.38228414324906,49.40851974487305,70162400
2019-04-25,49.329810923117755,49.55161802291001,48.921967248962424,48.96012878417969,74172800
2019-04-26,48.869498774138975,48.893350644801465,48.20645752970833,48.72639846801758,74596400
2019-04-29,48.75023983540025,49.12469304422843,48.62144921409616,48.80032730102539,88818800
2019-04-30,48.43065098025572,48.51174151592459,47.488560337719434,47.860626220703125,186139600
2019-05-01,50.05724976982913,51.352325495464314,49.90221989618125,50.20989227294922,259309200
2019-05-02,50.04770900660693,50.71790507301995,49.63986895589644,49.883140563964844,127985200
2019-05-03,50.29812882387562,50.524706987957686,50.14071524657425,50.50324249267578,83569600
2019-05-06,48.72400995039716,49.80920453287324,48.53559327802315,49.72334289550781,129772400
2019-05-07,49.10322947707866,49.47052422124375,47.898782941090104,48.3829460144043,155054800
2019-05-08,48.153986237910765,48.9744410929356,48.11821207126675,48.39249038696289,105358000
2019-05-09,47.79622789318936,48.10151289928511,46.90422474446259,47.87255096435547,139634400
2019-05-10,47.26680569139999,47.60918188331269,46.15349214662306,47.20934295654297,164834800
2019-05-13,44.94201700800786,45.36579237166061,43.77842304776529,44.4655647277832,229722400
2019-05-14,44.63076708397739,45.418465818898284,44.39134448751161,45.16946792602539,146118800
2019-05-15,44.59725372096499,45.909288693023,44.53739806425962,45.710567474365234,106178800
2019-05-16,45.46875903470102,46.081680470520816,45.21257503042482,45.50946044921875,132125600
2019-05-17,44.75527077928806,45.70577891917145,44.71456937030482,45.250877380371094,131516400
2019-05-20,43.93883389096766,44.13755507522487,43.1631033991647,43.835880279541016,154449200
2019-05-21,44.3458613070241,45.011455948466185,44.221360512327884,44.676265716552734,113459200
2019-05-22,44.21177717624734,44.46317163112691,43.70659535573083,43.761661529541016,118994400
2019-05-23,43.048186530660814,43.22535692609775,42.571734215795686,43.01466751098633,146118800
2019-05-24,43.143953201217286,43.608433644945144,42.76566504244201,42.849464416503906,94858800
2019-05-28,42.83750064653366,43.23733603874262,42.595685082134175,42.672298431396484,111792800
2019-05-29,42.23893322191725,42.94044331585505,42.138376171721504,42.468780517578125,113924800
2019-05-30,42.60524178438243,42.911702354266666,42.298781214498185,42.68904113769531,84873600
2019-05-31,42.19345320960093,42.614839417934895,41.89657145732902,41.91572570800781,108174400
2019-06-03,42.042608419661796,42.59806693078556,40.76648557188118,41.49193572998047,161584400
2019-06-04,42.00430204941067,43.05536713031265,41.78403369307506,43.0098762512207,123872000
2019-06-05,44.120793541794136,44.29078518409569,43.36900677323679,43.70419692993164,119093600
2019-06-06,43.83349524890833,44.40571518469204,43.6108303047652,44.34585952758789,90105200
2019-06-07,44.65470509073558,45.9499821546274,44.47753471563899,45.52620315551758,122737600
2019-06-10,45.92363769731587,46.77598137160348,45.87814682931208,46.107994079589844,104883600
2019-06-11,46.65388622788541,46.92682783549049,46.35221507841626,46.64191436767578,107731600
2019-06-12,46.4360217464892,46.91965651730608,46.30194564843296,46.49348449707031,73012800
2019-06-13,46.61557367768987,47.11596597251329,46.35221104250315,46.483890533447266,86698400
2019-06-14,45.86140682062975,46.34982739236637,45.56212852455843,46.14632034301758,75046000
2019-06-17,46.18460884696114,46.67782237314511,46.009831406820645,46.42163848876953,58676400
2019-06-18,46.9388034867993,47.95395301650747,46.73768937090985,47.5134162902832,106204000
2019-06-19,47.80789649873899,47.85578393485164,47.240466183129016,47.374542236328125,84496800
2019-06-20,47.97311321999092,48.03057596879343,47.41286511903979,47.75524139404297,86056000
2019-06-21,47.5972195902715,48.08803671259237,47.44159268874081,47.592430114746094,191202400
2019-06-24,47.53496526934287,47.92283239718668,47.446380069181274,47.5445442199707,72881600
2019-06-25,47.50861662405423,47.70733778640023,46.75682993500105,46.82387161254883,84281200
2019-06-26,47.35061178611295,48.12155290184591,47.2500547257955,47.836639404296875,104270000
2019-06-27,47.95394511635136,48.26040936812675,47.78156422634431,47.822265625,83598800
2019-06-28,47.56849173394604,47.76482006624837,47.17823528732283,47.386531829833984,124442400
2019-07-01,48.64349012878817,48.95952972038265,48.04014414238902,48.2556266784668,109012000
2019-07-02,48.222095852951995,48.63390292421885,48.21012399499577,48.53813171386719,67740800
2019-07-03,48.66981997785124,48.94755103721536,48.52856153764481,48.94036865234375,45448000
2019-07-05,48.68659222111898,49.10079233915633,48.57884911730465,48.897281646728516,69062000
2019-07-08,48.07844734407372,48.21970578842082,47.50383461771007,47.889305114746094,101354400
2019-07-09,47.69297620031747,48.24604176393507,47.59960154221708,48.181400299072266,82312000
2019-07-10,48.32745148133247,48.77756346841761,48.25801688405682,48.65785217285156,71588400
2019-07-11,48.67700357970353,48.9355804014419,48.29392964821228,48.303504943847656,80767200
2019-07-12,48.47110328699509,48.84220903730102,48.41124763866507,48.67461395263672,70380800
2019-07-15,48.86376402908005,49.289936021261454,48.84221686901794,49.131919860839844,67789600
2019-07-16,48.98346884909922,49.34739222396268,48.72249909193417,48.96192169189453,67467200
2019-07-17,48.854183380535474,49.103181282791674,48.66743404051857,48.686588287353516,56430000
2019-07-18,48.84221591801951,49.292331625927645,48.77038839924491,49.23965835571289,74162400
2019-07-19,49.2707788735222,49.440770539487346,48.449561048653315,48.5046272277832,83717200
2019-07-22,48.758418611181895,49.615552090872,48.74884331314436,49.6131591796875,89111600
2019-07-23,49.91004041383206,50.017779860965895,49.62991273666517,50.00101852416992,73420800
2019-07-24,49.720889297382925,50.07523371101221,49.60117800125017,49.96031188964844,59966400
2019-07-25,50.01297318275542,50.09677253131243,49.49581963043901,49.56525421142578,55638400
2019-07-26,49.67539961135831,50.214100456871776,49.59399680482801,49.73765182495117,70475600
2019-07-29,49.910029566010394,50.43196900474059,49.9052400917812,50.20212173461914,86693600
2019-07-30,49.98185908479763,50.317052906207756,49.634697056404036,49.98664855957031,135742800
2019-07-31,51.81582977111388,53.00097070729219,50.58998743830866,51.0065803527832,277125600
2019-08-01,51.21248911312201,52.201305551333476,49.49822619298105,49.90284729003906,216071600
2019-08-02,49.20852693471187,49.42400581448253,48.274780251307064,48.84700012207031,163448400
2019-08-05,47.40327609986838,47.56129222006281,46.10799911526764,46.28995895385742,209572000
2019-08-06,47.001057560598184,47.422443742301255,46.45756714849681,47.166259765625,143299200
2019-08-07,46.7855729428345,47.77917530974308,46.4048918709798,47.6546745300293,133457600
2019-08-08,47.93241159599385,48.72968942224073,47.738479842936414,48.705745697021484,108038000
2019-08-09,48.37888473817284,48.729767784636486,47.89581454791173,48.30438232421875,98478800
2019-08-12,47.97513398491319,48.5591433982837,47.86217750716622,48.181819915771484,89927600
2019-08-13,48.31159574878954,50.98408951762822,48.181814264515985,50.22223663330078,188874000
2019-08-14,48.82591597848995,49.61420571033035,48.688924793129885,48.727378845214844,146189600
2019-08-15,48.89800235789184,49.30175878721862,47.98714105517574,48.4846305847168,108909600
2019-08-16,49.09507459883136,49.78723269268097,48.98932781591775,49.62861251831055,110481600
2019-08-19,50.618781114962545,51.12588234715276,50.476985956959155,50.55389404296875,97654400
2019-08-20,50.68127875978292,51.27489985948379,50.546693252789694,50.556304931640625,107537200
2019-08-21,51.18837726179461,51.346993790769034,50.854315515628436,51.1042594909668,86141600
2019-08-22,51.23643471626912,51.53685003904177,50.65002341946824,51.06099319458008,89014800
2019-08-23,50.33278212314745,50.96245512141073,48.30678298506462,48.700927734375,187272000
2019-08-26,49.474810172219016,49.79445258903161,49.28254358810572,49.626220703125,104174400
2019-08-27,49.95545932441961,50.12128915600917,48.914820289921586,49.06623077392578,103493200
2019-08-28,49.051822946314466,49.44116009127208,48.86436404932155,49.3954963684082,63755200
2019-08-29,50.109277719604904,50.30635193898806,49.66706722800578,50.23184585571289,83962000
2019-08-30,50.508236909621736,50.57793166287148,49.79685169001332,50.16696548461914,84573600
2019-09-03,49.61178566616297,49.743969139920104,49.08065343594684,49.436344146728516,80092000
2019-09-04,50.08284938745984,50.344810722376806,49.82569572550079,50.275115966796875,76752400
2019-09-05,50.950443061493466,51.42389794369397,50.83267892479877,51.2580680847168,95654800
2019-09-06,51.44312995297315,51.53205173117485,51.07301615444194,51.253265380859375,77449200
2019-09-09,51.63298798303403,52.017521111519436,50.72693789572652,51.47196578979492,109237600
2019-09-10,51.397459068892765,52.09922885258903,50.88074615868259,52.08000183105469,127111600
2019-09-11,52.4092617130592,53.76473561660298,52.32754595134343,53.73589324951172,177158400
2019-09-12,54.02669627568618,54.41603338856972,53.56045107438245,53.615726470947266,128906800
2019-09-13,52.8731005859375,53.062961469937115,52.156911432083696,52.57268524169922,159053200
2019-09-16,52.32755084977788,52.90435057226379,52.28669479868519,52.84907150268555,84632400
2019-09-17,52.86348870875079,53.07017461149301,52.66160681112901,53.04133224487305,73274800
2019-09-18,53.12785993920919,53.5580568283564,52.73852276993989,53.5388298034668,101360000
2019-09-19,53.356166754377384,53.77674823327691,52.962021972267294,53.10382080078125,88242400
2019-09-20,53.20475241206062,53.48834269473416,52.26505247446734,52.327537536621094,221652400
2019-09-23,52.620758497705765,52.83465410674232,52.3083257615272,52.56548309326172,76662000
2019-09-24,53.12063959985759,53.47152631609086,52.197764593494576,52.31552505493164,124763200
2019-09-25,52.5246205874519,53.233600080826086,52.1857511921416,53.120643615722656,87613600
2019-09-26,52.87309730935552,53.09901022097145,52.59190900463546,52.84666061401367,75334000
2019-09-27,53.002887713224276,53.103830513741045,52.219405677984646,52.58951950073242,101408000
2019-09-30,53.08940658347618,53.9738314040598,53.06296988230488,53.82722854614258,103909600
2019-10-01,54.09158512052922,54.84863029507966,53.882493554454456,53.97622299194336,139223200
2019-10-02,53.60851764627017,53.73349145834526,52.37561187967944,52.6231575012207,138449200
2019-10-03,52.49578505515693,53.10382917722504,51.70269136073253,53.07018280029297,114426000
2019-10-04,54.2285843362646,54.67320059348173,53.80800277783008,54.557838439941406,138478800
2019-10-07,54.379978615757466,55.259591853696065,54.27663384249984,54.56983947753906,122306000
2019-10-08,54.27183612343445,54.81017807266463,53.91373971335013,53.93056106567383,111820000
2019-10-09,54.56263732910156,54.74528854203184,54.22857560601276,54.56263732910156,74770400
2019-10-10,54.77893891244817,55.38217532730824,54.627532058419334,55.298057556152344,113013600
2019-10-11,55.985408550575364,57.11256762430423,55.83159602526527,56.76889419555664,166795600
2019-10-14,56.45405693637564,57.23033292132796,56.398781533076416,56.68717956542969,96427600
2019-10-15,56.81215396701269,57.11497135397821,56.44925350323164,56.55500030517578,87360000
2019-10-16,56.08635073134774,56.535774650500734,56.04549467818475,56.326683044433594,73903200
2019-10-17,56.49971210622329,56.754463724015515,56.12239235171388,56.54537582397461,67585200
2019-10-18,56.37955283902993,57.09814772935947,56.30745241628178,56.816959381103516,97433600
2019-10-21,57.08372359535983,57.91767689190389,57.03565787328163,57.80231475830078,87247200
2019-10-22,57.95853350048938,58.208477458025,57.58841973582485,57.670135498046875,82293600
2019-10-23,58.18444461705697,58.45842326091589,57.97295104383975,58.444000244140625,75828800
2019-10-24,58.763645508761726,58.8333439248231,58.11474907464559,58.540138244628906,69275200
2019-10-25,58.4391953673054,59.29717966007289,58.371902625409106,59.261131286621094,73477200
2019-10-28,59.46300881979624,59.902817306683154,59.29477696701474,59.85475158691406,96572800
2019-10-29,59.83552529068843,60.022984167085156,58.29740023636161,58.470436096191406,142839600
2019-10-30,58.82373239756854,58.95351389312253,57.97055566675113,58.463233947753906,124522000
2019-10-31,59.41975464010306,59.883594183478614,57.021235828674115,59.785057067871094,139162000
2019-11-01,59.972513844449246,61.50823692360431,59.88119007430968,61.48180389404297,151125200
2019-11-04,61.84469555712721,61.969673022918535,61.37605206348472,61.885555267333984,103272000
2019-11-05,61.77741161321152,62.05139394165395,61.60197373719849,61.7966423034668,79897600
2019-11-06,61.710125489509196,61.883165048582526,61.37366171752221,61.823081970214844,75864400
2019-11-07,62.3702628523427,62.758363326737026,62.218397769161385,62.536590576171875,94940400
2019-11-08,62.3582098215494,62.78005398312433,61.914671700144595,62.707740783691406,69986400
2019-11-11,62.26419939293928,63.269397069308496,62.259380964786935,63.204315185546875,81821200
2019-11-12,63.04763233897205,63.34654411916957,62.895774590870325,63.14646530151367,87388800
2019-11-13,62.946384128313966,63.82622908514769,62.93192148786903,63.751502990722656,102734400
2019-11-14,63.577949069175574,63.85034108012296,63.18021171215137,63.31038284301758,89182800
2019-11-15,63.56108095621039,64.06729554078912,63.399578987253335,64.0624771118164,100206400
2019-11-18,64.07210078681992,64.4650196804653,63.69365188987565,64.3854751586914,86703200
2019-11-19,64.57830913689737,64.60241598727268,63.97326912383115,64.19021606445312,76167200
2019-11-20,64.00944835631688,64.13961215289204,62.770427901385276,63.442970275878906,106234400
2019-11-21,63.563488435494776,63.64062743076924,62.95844093565361,63.15851974487305,121395200
2019-11-22,63.29833761896905,63.4405585257461,62.8764933279525,63.103084564208984,65325200
2019-11-25,63.32726038211015,64.2263939691162,63.28145955811588,64.20951843261719,84020400
2019-11-26,64.3468980545779,64.39993018161393,63.27661865903487,63.708106994628906,105207600
2019-11-27,64.01909670826173,64.59763200020568,63.95401479828985,64.56388092041016,65235600
2019-11-29,64.2649473538178,64.60242121725912,64.09620674390789,64.421630859375,46617600
2019-12-02,64.42645844153186,64.66269385769631,63.50563834538534,63.67678451538086,94487200
2019-12-03,62.266603688120284,62.56068960514451,61.77967768232319,62.54140853881836,114430400
2019-12-04,62.931916197819106,63.471874346050804,62.83790168645125,63.09341812133789,67181600
2019-12-05,63.58758484552913,64.09379930384016,63.332068402488204,64.0190658569336,74424400
2019-12-06,64.47709976941329,65.32560684844641,64.4337044765978,65.25569915771484,106075600
2019-12-09,65.08451386193346,65.2773539234181,63.857551131523714,64.34207153320312,128042400
2019-12-10,64.74708019873606,65.10142973249006,64.08658749828341,64.71815490722656,90420400
2019-12-11,64.79768573812183,65.34970112214458,64.72295963208492,65.27014923095703,78756800
2019-12-12,64.54941628891132,65.70165369451242,64.4385335491304,65.43649291992188,137310400
2019-12-13,65.43646905221725,66.3621148543044,65.3087108196568,66.32595825195312,133587600
2019-12-16,66.77190857113695,67.68550461462198,66.76709014300219,67.46131896972656,128186000
2019-12-17,67.39141826173947,67.9217322522176,67.20580211215017,67.59390258789062,114158400
2019-12-18,67.44687383838529,67.95308846634468,67.28295896270495,67.43241119384766,116028400
2019-12-19,67.3745402255633,67.77950886281938,67.24196357196422,67.49988555908203,98369200
2019-12-20,68.03263450161938,68.1338730046536,67.14796358631695,67.36009216308594,275978000
2019-12-23,67.62285505258559,68.51957591822449,67.58428554309361,68.45931243896484,98572000
2019-12-24,68.62562177025686,68.67383548324801,68.19895910016623,68.52437591552734,48478800
2019-12-26,68.6569481192903,69.90078666508992,68.628022839031,69.8839111328125,93121200
2019-12-27,70.1755764887449,70.86258124508305,69.45241513604739,69.85738372802734,146266000
2019-12-30,69.77543291987965,70.55403936484663,68.75336713216096,70.27200317382812,144114400
2019-12-31,69.88872574600676,70.79267748666231,69.78989280626304,70.78544616699219,100805600
2020-01-02,71.4097927692221,72.46079141879511,71.15668916006118,72.40052795410156,135480400
2020-01-03,71.6291376132339,72.45595040957373,71.47245410922795,71.6966323852539,146322800
2020-01-06,70.81920816221287,72.3065062028637,70.56851011431775,72.26793670654297,118387200
2020-01-07,72.27756311117845,72.5330795245145,71.70867973246871,71.92803955078125,108872000
2020-01-08,71.63154422529517,73.38641550034151,71.63154422529517,73.08509826660156,132079200
2020-01-09,74.06137477592067,74.83033706552648,73.81068409472688,74.63749694824219,170108400
2020-01-10,74.87132551313572,75.370308736383,74.30484750773756,74.80623626708984,140644800
2020-01-13,75.12201067519445,76.43093105955663,75.00388930942306,76.40441131591797,121532000
2020-01-14,76.34174457661803,76.55146021431688,75.24977111147209,75.3727035522461,161954400
2020-01-15,75.17263004032235,76.05247495120804,74.61820187883205,75.04969024658203,121923600
2020-01-16,75.59205460116348,76.10068190640935,75.23047392822782,75.98979187011719,108829200
2020-01-17,76.2380799522902,76.83348311126043,75.9319442855303,76.8310775756836,137816400
2020-01-21,76.459869381581,76.90099467937888,76.17301471865545,76.31041717529297,110843200
2020-01-22,76.79491535128935,77.13480208755844,76.4887796776353,76.58279418945312,101832400
2020-01-23,76.63581926484824,77.03114362991317,76.08862248837322,76.95159912109375,104472000
2020-01-24,77.19747280109205,77.93991520434014,76.53939333547534,76.72982788085938,146537600
2020-01-27,74.74114561147599,75.15334557711078,73.49248860994267,74.47357940673828,161940000
2020-01-28,75.35342783283777,76.7515370876536,75.25459488094803,76.58039093017578,162234000
2020-01-29,78.20991513135742,79.0294966511186,77.46987813568431,78.18339538574219,216229200
2020-01-30,77.26737024678101,78.12310810744944,76.83588197917527,78.07007598876953,126743200
2020-01-31,77.3614124669731,77.78325671620777,74.31449554353281,74.60858154296875,199588400
2020-02-03,73.35268032975995,75.56796570063159,72.85129158100523,74.40367889404297,173788400
2020-02-04,76.00667569866678,77.05044280806926,75.60170706629567,76.8600082397461,136616400
2020-02-05,77.98572352193352,78.28463523931488,76.88411323556181,77.48674774169922,118826800
2020-02-06,77.75674147890366,78.39553270453209,77.19990767879175,78.39311981201172,105425600
2020-02-07,77.8929335802923,78.14180794117812,76.83702966688513,77.32752990722656,117684000
2020-02-10,75.91402717049185,77.69480895996094,75.83429386411699,77.69480895996094,109348800
2020-02-11,78.19014369789785,78.26262851927434,77.00858949259958,77.2260513305664,94323200
2020-02-12,77.675463503179,79.06481216229898,77.675463503179,79.05998229980469,113730400
2020-02-13,78.33271303943899,78.82321339617904,78.12974813739189,78.49701690673828,94747600
2020-02-14,78.4656030374421,78.76522420824622,78.00893385896474,78.51634979248047,80113600
2020-02-18,76.19914481922879,77.25988612279623,76.01792538344428,77.07866668701172,152531200
2020-02-19,77.32030726926044,78.42453967717096,77.32030726926044,78.19499206542969,93984000
2020-02-20,77.95573825271751,78.44381974681278,76.88774890073175,77.39274597167969,100566000
2020-02-21,76.98686488364316,77.42904453523326,75.02486319974747,75.64100646972656,129554000
2020-02-24,71.82571246698684,73.49775945094957,69.88545691802558,72.04800415039062,222195200
2020-02-25,72.71732938397975,73.09909512359589,69.13643119372864,69.60759735107422,230673600
2020-02-26,69.23308056046676,71.97553646481957,69.22583207719232,70.71183013916016,198054800
2020-02-27,67.9210285159399,69.10499371673924,65.95419053994536,66.0895004272461,320605600
2020-02-28,62.1606861550344,67.27107285671417,61.94563554811998,66.05085754394531,426510000
2020-03-02,68.20617931193843,72.8357338359803,67.1043654657983,72.20025634765625,341397200
2020-03-03,73.37452863350472,73.45426192334152,69.05666829287019,69.90719604492188,319475600
2020-03-04,71.62758575768213,73.30930003617219,70.82780458094045,73.14982604980469,219178400
2020-03-05,71.40529829391956,72.37905058025478,70.41221917601806,70.7770767211914,187572800
2020-03-06,68.13852037839982,70.2696631046371,67.95247104471461,69.83715057373047,226176800
2020-03-09,63.72883020122201,67.19374467213605,63.54761077884886,64.31356811523438,286744800
2020-03-10,66.96419837707879,69.21131605967966,65.0867606135554,68.94552612304688,285290000
2020-03-11,67.02461750309321,67.9500415324096,65.68841908631278,66.551025390625,255598800
2020-03-12,61.841735279374994,65.23899494473845,59.92322498627828,59.978797912597656,418474000
2020-03-13,64.00429300943405,67.6359302649127,61.119275269390535,67.16475677490234,370732000
2020-03-16,58.46139441002403,62.60044418179931,57.99022457275424,58.52421951293945,322423600
2020-03-17,59.804833950382424,62.24525368604919,57.60362153116066,61.0975341796875,324056000
2020-03-18,57.934639110553675,60.406470866055514,57.29432830722245,59.60185623168945,300233600
2020-03-19,59.775834978401704,61.09269547807698,58.62086339938416,59.14519119262695,271857200
2020-03-20,59.72509337905043,60.848656123776394,55.09070998430256,55.39032745361328,401693200
2020-03-23,55.1100377172106,55.21152015646839,51.372084613414366,54.21360397338867,336752800
2020-03-24,57.11070131069981,59.84832336499044,56.61295251663222,59.65260696411133,287531200
2020-03-25,60.587696143364745,62.399890444761496,59.02920978154729,59.32399368286133,303602000
2020-03-26,59.565624014727966,62.503792458271775,59.52696298189895,62.445804595947266,252087200
2020-03-27,61.07095335601888,61.8248250722316,59.69368630258447,59.860408782958984,204216800
2020-03-30,60.585279571290975,61.740251079824446,60.26149806281595,61.568695068359375,167976400
2020-03-31,61.759583420299464,63.42438208826982,60.88972867869349,61.443050384521484,197002000
2020-04-01,59.560778398378844,60.0971881377315,57.77999687313771,58.21009063720703,176218400
2020-04-02,58.07237254686632,59.23459262853542,57.241178794751,59.181434631347656,165934000
2020-04-03,58.66676958439928,59.36748322353769,57.7413419398106,58.330909729003906,129880000
2020-04-06,60.62394928655553,63.5742000668219,60.256680497705005,63.41956329345703,201820400
2020-04-07,65.43229047893388,65.64975968703479,62.58110782117214,62.68500518798828,202887200
2020-04-08,63.48478743589154,64.6035165473233,63.1199373363336,64.2894058227539,168895200
2020-04-09,64.92487082512187,65.2558970699064,63.95836739563788,64.75331115722656,161834800
2020-04-13,64.83063671400997,66.1330036952468,64.23140190068074,66.0242691040039,131022800
2020-04-14,67.6552590491188,69.64867293181604,67.1840855454915,69.35871887207031,194994800
2020-04-15,68.23514673339383,69.18473466784468,67.80747158227939,68.72564697265625,131154400
2020-04-16,69.43846626880793,69.63660131632508,68.22308804264783,69.27174377441406,157125200
2020-04-17,68.7884865443206,69.33456350529407,66.89655138464681,68.3318099975586,215250000
2020-04-20,67.15993057649021,68.06119058127958,66.89414057720502,66.91346740722656,130015200
2020-04-21,66.75640806793423,66.99078550242736,64.13476539316186,64.84514617919922,180991600
2020-04-22,66.11129024087298,67.14786790701602,65.77060404965022,66.71294403076172,116862400
2020-04-23,66.65733345514633,68.07809487584751,66.41570756383898,66.4543685913086,124814400
2020-04-24,66.97869281072518,68.38253849821193,66.93036468813068,68.37287139892578,126161200
2020-04-27,68.09018514896542,68.7522452213369,67.64318307081028,68.42121887207031,117087600
2020-04-28,68.88273322430287,69.06395271480235,67.22035262547978,67.31216430664062,112004800
2020-04-29,68.79813268535943,69.99176500480674,68.59516785102663,69.52301025390625,137280800
2020-04-30,70.06185003558508,71.16608226501852,69.67283584195576,70.98969268798828,183064000
2020-05-01,69.16542249456992,72.24615310349837,69.06877359729275,69.84680938720703,240616800
2020-05-04,69.87096747127923,70.96311392727311,69.1823321546666,70.83505249023438,133568000
2020-05-05,71.2941362490643,72.72939466051092,71.1491592367676,71.89820098876953,147751200
2020-05-06,72.59891973995855,73.27063948300304,72.21473542323028,72.63999938964844,142333600
2020-05-07,73.2658213930559,73.7369949485584,72.9637889533335,73.39146423339844,115215200
2020-05-08,74.05045567520663,75.19159229593362,73.72337622769179,75.13829040527344,133838400
2020-05-11,74.64646961486733,76.81487118254181,74.43810496971201,76.32062530517578,145946400
2020-05-12,77.00384337710936,77.45448798811958,75.32727004325628,75.44841003417969,162301200
2020-05-13,75.62770513487014,76.54837362731435,73.46172121123148,74.53744506835938,200622400
2020-05-14,73.77668558751988,75.05592369907653,73.05468852162736,74.99535369873047,158929200
2020-05-15,72.76878686428954,74.5979975896763,72.7348641211466,74.55196380615234,166348400
2020-05-18,75.87484151863012,76.6816307787651,75.18434194281018,76.30851745605469,135178400
2020-05-19,76.32545901161194,77.17101374486556,75.83605613168199,75.8675537109375,101729600
2020-05-20,76.72522208271401,77.41329633678234,76.68645639876391,77.3430404663086,111504800
2020-05-21,77.20494465969075,77.74523171426733,76.52898139842385,76.76641845703125,102688800
2020-05-22,76.50473859508931,77.34303256146072,76.40298515469343,77.26065826416016,81803200
2020-05-26,78.37758347481825,78.5568683167511,76.68162339962899,76.73735046386719,125522000
2020-05-27,76.59440888025136,77.21706291080646,75.85545038481993,77.07169342041016,112945200
2020-05-28,76.74703662948228,78.36304756047794,76.47084126097369,77.1056137084961,133560800
2020-05-29,77.34788852176631,77.80821903420895,76.67435043039059,77.03050231933594,153532400
2020-06-01,76.98447184749915,78.09896135300481,76.8536385740957,77.97782135009766,80791200
2020-06-02,77.71130190496551,78.36303562857958,77.27035057638682,78.33880615234375,87642800
2020-06-03,78.65862620653965,79.03173947926652,78.08684155798949,78.77007293701172,104491200
2020-06-04,78.59321142956854,78.89121109253435,77.71857679947686,78.09169006347656,87560400
2020-06-05,78.34126062068505,80.3764116911507,78.31218819584709,80.31584167480469,137250400
2020-06-08,80.01297082329648,80.82461031040765,79.30309219050388,80.79068756103516,95654400
2020-06-09,80.47086919688729,83.73437314923221,80.439371619184,83.34188079833984,147712400
2020-06-10,84.28920501230608,85.95366732051313,83.85067883247099,85.48606872558594,166651600
2020-06-11,84.63081104253492,85.05480096655532,81.2800824962617,81.3818359375,201662400
2020-06-12,83.51876594974783,84.26498513269779,80.97482582626513,82.08446502685547,200146000
2020-06-15,80.73979728329574,83.75133543445982,80.57746645559173,83.09960174560547,138808800
2020-06-16,85.1517132659384,85.57328542706455,83.51874869015089,85.30192565917969,165428800
2020-06-17,86.04571295364491,86.1062829342393,85.06205706029557,85.18319702148438,114406400
2020-06-18,85.1396240743936,85.63387739334637,84.60903023062069,85.21715545654297,96820400
2020-06-19,85.92216897764727,86.38734236256319,83.62292711838043,84.73014831542969,264476000
2020-06-22,85.12265339969562,87.08996579558588,85.07661960868549,86.947021484375,135445200
2020-06-23,88.18991128978877,90.22021867227018,87.77076426941889,88.8028793334961,212155600
2020-06-24,88.43221556465996,89.3504589965406,86.86223822656589,87.2353515625,192623200
2020-06-25,87.39038973838228,88.4321906709593,86.63205223537432,88.39342498779297,137522400
2020-06-26,88.2892372764143,88.50971291769464,85.52966510284091,85.67745971679688,205256800
2020-06-29,85.58540582946648,87.74654657742667,85.10811395697272,87.65205383300781,130646000
2020-06-30,87.24017383067029,88.66963165860406,87.22079468512266,88.38373565673828,140223200
2020-07-01,88.46125786012283,89.00396260480164,88.16810117862731,88.216552734375,110737200
2020-07-02,89.12268481304834,89.75745712558465,88.10268825115901,88.216552734375,114041600
2020-07-06,89.64359085564888,91.04396881704737,89.61209327585406,90.57637023925781,118655600
2020-07-07,90.95434344364946,91.73206023970783,90.18389475245895,90.29534149169922,112424400
2020-07-08,91.27172253001288,92.42982064230873,91.18449788463136,92.39832305908203,117092000
2020-07-09,93.28991545550893,93.34321735378231,91.74901813164107,92.79566955566406,125642800
2020-07-10,92.39105821700926,93.01614478395153,91.78051525297649,92.95799255371094,90257200
2020-07-13,94.26143682269026,96.86837145256374,92.31592911855529,92.52913665771484,191649200
2020-07-14,91.91134894412532,94.25177492913492,90.9785767404952,94.06037902832031,170989200
2020-07-15,95.93320419288929,96.18275234256372,93.51040375185602,94.70726776123047,153198000
2020-07-16,93.58063579856042,94.39711809164639,92.94343831225127,93.5418701171875,110577600
2020-07-17,93.99251265271707,94.14756798104436,92.88044113908421,93.35289001464844,92186800
2020-07-20,93.44014808708032,95.45833760603739,93.096107170355,95.32023620605469,90318000
2020-07-21,96.11004463336359,96.18515083470295,93.75508296201137,94.00463104248047,103433200
2020-07-22,93.70664633807918,94.94954409881868,93.61942907463074,94.26873779296875,89001600
2020-07-23,94.00221048521436,94.0797418561393,89.16872914510222,89.97794342041016,197004400
2020-07-24,88.17779782726093,90.0990762102355,86.3921882418588,89.75503540039062,185438800
2020-07-27,90.81623268150157,91.97433076494785,90.59333922603253,91.88226318359375,121214000
2020-07-28,91.45343820318753,91.63030527715343,90.36802106656002,90.37287139892578,103625600
2020-07-29,90.85501296732149,92.28931402530422,90.81867244089453,92.10517883300781,90329200
2020-07-30,91.27899267505967,93.32383652649061,90.87196403764284,93.21965789794922,158130000
2020-07-31,99.7079111699714,103.12890351490226,97.7115189842411,102.97869110107422,374336800
2020-08-03,104.85877268635082,108.19012242087766,104.56077304212948,105.57350158691406,308151200
2020-08-04,105.76247640960193,107.36879381499179,105.0404794276689,106.27853393554688,173071600
2020-08-05,105.99991256912482,106.98356866072452,105.53473177113482,106.66375732421875,121776800
2020-08-06,106.99569786453769,110.87944616652167,106.40695920907454,110.38519287109375,202428800
2020-08-07,109.90702677912203,110.36333556331454,107.07937744727452,107.87548828125,198045600
2020-08-10,109.31966296937568,110.46043507725163,106.7954093213871,109.44345092773438,212403600
2020-08-11,108.7080157903305,109.20558233257063,105.9289051039155,106.18861389160156,187902400
2020-08-12,107.27840393895296,109.97499163666492,107.08423344754698,109.71771240234375,165598000
2020-08-13,111.09633433148385,112.66186065911528,110.60847119171306,111.65943908691406,210082000
2020-08-14,111.48470252378944,111.64974819993897,109.75170070282874,111.55994415283203,165565200
2020-08-17,112.68127506102117,112.70554822258934,110.64245541048665,111.26866149902344,119561600
2020-08-18,111.02109807418744,112.62060097941455,110.68614768785797,112.19584655761719,105633600
2020-08-19,112.60362178027331,113.74924556112234,112.24197605902953,112.33663177490234,145538000
2020-08-20,112.37790398361146,114.94342292138063,112.36091202603218,114.829345703125,126907200
2020-08-21,115.78806955381434,121.22978455348972,115.7759366742478,120.74678039550781,338054800
2020-08-24,124.94819288976294,125.03315266970756,120.32686973134855,122.19093322753906,345937600
2020-08-25,121.06473415847236,121.53317587987507,119.46765321039159,121.18851470947266,211495600
2020-08-26,122.50402701142234,123.29285663343889,121.43849667426107,122.8365478515625,163022400
2020-08-27,123.43849242247208,123.77101327398971,120.22491675397727,121.36811828613281,155552400
2020-08-28,122.34142892911956,122.7589022198581,120.94823653884207,121.17153930664062,187630000
2020-08-31,123.86325036863211,127.18361471555613,122.32927827603109,125.28070831298828,225702700
2020-09-01,128.8923509024096,130.87292869764627,126.72732074484928,130.27098083496094,151948100
2020-09-02,133.5816315551226,133.96026921891615,123.30015014927834,127.57196044921875,200119000
2020-09-03,123.21276461682936,125.08653127360425,116.9895020715435,117.35842895507812,257599600
2020-09-04,116.57203254505438,120.0962780604988,107.65947073062564,117.43610382080078,332607200
2020-09-08,110.63031087630355,115.52348229389389,109.39731283157245,109.53323364257812,231366600
2020-09-09,113.8439185975471,115.6691467263431,111.90218370886298,113.90216827392578,176940500
2020-09-10,116.85360847744802,116.98952932974198,109.22258962320309,110.18374633789062,182274400
2020-09-11,111.23227329257654,111.87304930648419,106.79540974753245,108.73714447021484,180860300
2020-09-14,111.37789025284532,112.55263871695288,109.51382694155708,111.9992446899414,140150100
2020-09-15,114.88273194668369,115.36816560750079,110.30023700342959,112.17401123046875,184642000
2020-09-16,111.87304453196484,112.62060910915572,108.7759754111815,108.86334991455078,154679000
2020-09-17,106.52354774325607,108.93129419191115,105.54296982143195,107.12548065185547,178011000
2020-09-18,107.18374764280628,107.64975978247199,102.99930468969426,103.72745513916016,287104900
2020-09-21,101.49445700826324,106.97985811734019,100.09640588332402,106.87306213378906,195713800
2020-09-22,109.3973305799532,109.5720869949024,105.97988085188311,108.55267333984375,183055400
2020-09-23,108.36820053624751,108.84392339466623,103.65948864684648,103.99929809570312,150718700
2020-09-24,102.10610509006938,107.03811241012444,101.94105943821374,105.06725311279297,167743300
2020-09-25,105.27114952311253,109.16432976181966,104.53328824582925,109.00898742675781,149981400
2020-09-28,111.65943957272272,111.96040603666982,109.49440244155606,111.61089324951172,137672400
2020-09-29,111.21285610238571,111.9507099432901,110.26140285567331,110.76625061035156,99382200
2020-09-30,110.47497824771594,113.84388857632474,110.30993260341256,112.43612670898438,142675200
2020-10-01,114.2128318777771,114.29050304173128,112.45556438431055,113.3875961303711,116120400
2020-10-02,109.60120691204848,112.00896103141628,108.95072761058432,109.7274169921875,144712000
2020-10-05,110.59149073201426,113.25166489244758,110.2419779334605,113.10603332519531,106243800
2020-10-06,112.32933079739347,112.73710064616577,108.97984195840537,109.86333465576172,161498200
2020-10-07,111.28082649663705,112.18373349473666,110.80509612706318,111.72742462158203,96849000
2020-10-08,112.86332975388186,113.0089613382161,111.25168639294162,111.62062072753906,83477200
2020-10-09,111.92157933161523,113.59147224549314,111.57206651675105,113.56234741210938,100506900
2020-10-12,116.56232621166858,121.53316947743221,115.80505089927543,120.77589416503906,240226800
2020-10-13,121.62054399652054,121.73705073964729,116.16427448485399,117.57202911376953,262330500
2020-10-14,117.47493379758126,119.44579307201987,116.13513969852242,117.6594009399414,150712000
2020-10-15,115.26135855246798,117.66910513115165,114.70796452850907,117.1933822631836,112559200
2020-10-16,117.74677427764382,118.00891257285697,115.34873107903783,115.5526123046875,115393800
2020-10-19,116.46526779140177,116.91186596550797,112.29054186451432,112.6012191772461,120639300
2020-10-20,112.81477533834804,115.513792607474,112.2613812832418,114.08661651611328,124423700
2020-10-21,113.2710930798733,115.25166338254114,113.05750107559587,113.46527099609375,89946000
2020-10-22,114.02835526922215,114.60117079702067,111.2516743484804,112.37788391113281,101988000
2020-10-23,112.99923740706663,113.15457972080071,110.95070693925585,111.68856811523438,82572600
2020-10-26,110.68860774498758,113.15461212831151,109.59152270964044,111.69831085205078,111850700
2020-10-27,112.12546926784462,113.86332273009963,111.20314823922772,113.20313262939453,92276800
2020-10-28,111.69827086040297,112.06719771840048,107.86334109500166,107.9604263305664,143937800
2020-10-29,109.09636307884779,113.52351567412646,108.93131000553764,111.96041870117188,146129200
2020-10-30,107.82450340180505,108.72741014836967,104.58181067342728,105.6885986328125,190272600
2020-11-02,105.93132552110745,107.45558679697702,104.19347226654686,105.60122680664062,122866900
2020-11-03,106.46531227233,108.24199381190596,105.56240538196562,107.22258758544922,107624400
2020-11-04,110.81478854874675,112.22254311397377,109.07693526315951,111.60118865966797,138235500
2020-11-05,114.51380126430563,116.1351553723964,113.46527015302647,115.56233978271484,126387100
2020-11-06,115.07118700641044,115.92702142810049,112.94131732140758,115.4310302734375,114457900
2020-11-09,117.19133287792215,118.6404186508716,112.86352313794548,113.12610626220703,154515300
2020-11-10,112.37728528647897,114.36126539416934,110.99626934105305,112.78575134277344,138023400
2020-11-11,113.97222563450443,116.34522361614252,113.24281896631516,116.20906829833984,112295000
2020-11-12,116.33550583009225,117.22051541325983,115.31433350652887,115.93675994873047,103162300
2020-11-13,116.16043232778478,116.3841128585817,114.63354150747742,115.9853744506836,81581900
2020-11-16,115.65472076865481,117.66788289766848,114.90586651270257,116.99683380126953,91183000
2020-11-17,116.26744200405916,117.35668469756249,115.69363815380922,116.11183166503906,74271000
2020-11-18,115.35324564020682,116.53002096182686,114.75999422898965,114.78916931152344,76322100
2020-11-19,114.36123584529591,115.79087409284412,113.60265410249275,115.38240814208984,74113000
2020-11-20,115.3824186228592,115.50884645150772,114.0694879933699,114.11811065673828,73604300
2020-11-23,113.96250558761568,114.39042656864258,110.62668524347754,110.72393798828125,127959300
2020-11-24,110.78230006896696,112.66902713847026,109.49853707376413,112.00769805908203,113874200
2020-11-25,112.37726952874067,113.54431736019659,112.00769869351593,112.84408569335938,76499200
2020-11-27,113.36924718338975,114.26398425207363,113.02885888768483,113.3886947631836,46691300
2020-11-30,113.75827627180732,117.64844554887398,113.6026659391683,115.78116607666016,169410200
2020-12-01,117.68734871878834,120.07980194572332,116.71480639467286,119.35039520263672,127728200
2020-12-02,118.66960823368215,119.98254627518949,117.57063810536371,119.70050811767578,89004200
2020-12-03,120.12842284343223,120.38128592155832,118.85439479194712,119.5643539428711,78967600
2020-12-04,119.23368360656494,119.48654668025314,118.18333614962214,118.89329528808594,78260400
2020-12-07,118.95165604515132,121.14960390007961,118.89330587676078,120.35211944580078,86712000
2020-12-08,120.95509315138429,121.54834457068203,119.71023272701726,120.96481323242188,82225500
2020-12-09,121.11070999668743,122.49171849360195,117.67763633862232,118.43621826171875,115089200
2020-12-10,117.19135328461722,120.4688236783502,116.85096494578069,119.85611724853516,81312200
2020-12-11,119.0683519998447,119.38929273400028,117.23997517904313,119.04890441894531,86939800
2020-12-14,119.23370277316755,119.9631096099772,118.20281015151447,118.43621826171875,79184500
2020-12-15,120.92589030573652,124.3881454893434,120.72165733966631,124.36869049072266,157243700
2020-12-16,123.91161767905837,124.84524997430788,123.08495079030278,124.30062866210938,98208600
2020-12-17,125.36068131070151,126.02201771109635,124.52429444067675,125.16617584228516,94359800
2020-12-18,125.41904757982878,125.55520289308356,122.65702389685748,123.18219757080078,192541500
2020-12-21,121.5872313887212,124.78689634893868,120.06034032088816,124.70909118652344,121251600
2020-12-22,127.99629004452623,130.71941139606707,126.09010064650239,128.25888061523438,168904800
2020-12-23,128.53119113827395,128.79376686890285,127.18907804467862,127.36414337158203,88223700
2020-12-24,127.71428885467729,129.79552922137646,127.50032831643357,128.346435546875,54930100
2020-12-28,130.31090716142057,133.56891393850847,129.84407631948096,132.936767578125,124486200
2020-12-29,134.25947087325437,134.97914269594398,130.6513323196226,131.16677856445312,121047300
2020-12-30,131.85728434018318,132.2560302372561,129.73713444926724,130.04835510253906,96452100
2020-12-31,130.39844854670574,131.040329904096,128.10324856194674,129.04661560058594,99116600
2021-01-04,129.85385422543547,129.94137947234472,123.27946608977872,125.85670471191406,143301900
2021-01-05,125.35098050896518,128.1227320895685,124.9036045069711,127.41276550292969,97664900
2021-01-06,124.21309026097016,127.4516575492309,122.9098798620693,123.12384033203125,155088000
2021-01-07,124.83552759816486,128.01574500748134,124.34925645838389,127.32523345947266,109578200
2021-01-08,128.79379617128217,128.98831654316814,126.65420563892411,128.4242401123047,105158200
2021-01-11,125.64273985954293,126.59582714131227,124.97168331019907,125.4384994506836,100384500
2021-01-12,124.97167735433455,126.12900498980764,123.3767086805256,125.26344299316406,91951100
2021-01-13,125.22452383559776,127.84066463408008,124.96194813568883,127.2960433959961,88636800
2021-01-14,127.20852658339784,127.40303206132965,125.22453212496984,125.37042236328125,90221800
2021-01-15,125.24397825437474,126.64444134000357,123.51285439569902,123.64900970458984,111598500
2021-01-19,124.27143828252557,125.17591022451418,123.45450641479232,124.320068359375,90757300
2021-01-20,125.12730680892926,128.85214592405728,125.02032655299224,128.40476989746094,104319500
2021-01-21,130.12617990258715,135.8349992091979,129.92193946307938,133.11187744140625,120150900
2021-01-22,132.53806351525557,136.01004665089906,131.31266555904966,135.25146484375,114459400
2021-01-25,139.14161777095364,141.1061423033731,132.79090363932372,138.9957275390625,157611700
2021-01-26,139.65703155504326,140.3378079598759,137.48825229704508,139.22911071777344,98390600
2021-01-27,139.49172564743122,140.3378474829839,136.55465878230473,138.1593475341797,140843800
2021-01-28,135.68909090953088,138.09127131319642,132.94651480242143,133.3258056640625,142621100
2021-01-29,132.1004504499765,132.98546769252428,126.63476631172155,128.3367156982422,177523800
2021-02-01,130.07752674070377,131.66277536673383,127.3349504556567,130.45681762695312,106239800
2021-02-02,132.0031648608857,132.56724118693242,130.91392221186754,131.2834930419922,83305400
2021-02-03,132.03234852121233,132.04208344252265,129.94138833452192,130.2623291015625,89880900
2021-02-04,132.557456146225,133.62724326945582,130.89440306546223,133.61752319335938,84183100
2021-02-05,133.77832786955716,133.84649984670483,132.32706879031318,133.2036590576172,75693800
2021-02-08,132.49261062393538,133.39843419416206,131.411474992241,133.3497314453125,71297200
2021-02-09,133.0672978062939,134.29454199245745,132.3173317614118,132.47315979003906,76774200
2021-02-10,132.93094508769863,133.427692466588,130.90503200269075,131.86929321289062,73046600
2021-02-11,132.3659630385237,132.84322611365104,130.2913630347836,131.61599731445312,64280000
2021-02-12,130.85628214072338,132.00558952807881,130.2134416383095,131.84974670410156,60145100
2021-02-16,131.96664818421948,132.47311511495084,129.33684859330893,129.72645568847656,80576300
2021-02-17,127.83695630941149,128.78173348023893,126.10324487185126,127.43761444091797,97918500
2021-02-18,125.84022023340577,126.61941963432317,124.09677476387137,126.33696746826172,96856700
2021-02-19,126.85317866159306,127.31095773335569,125.45062277040475,126.49279022216797,87668800
2021-02-22,124.68116782712916,126.34670679460257,122.33384236261952,122.72344207763672,103916400
2021-02-23,120.54170021925478,123.41498433079913,115.31134105569778,122.58708953857422,158273000
2021-02-24,121.69099014380231,122.29486254832105,119.05146344751515,122.09032440185547,111039900
2021-02-25,121.43775757680415,123.17146835413952,117.4054168564186,117.84371185302734,148199500
2021-02-26,119.40212088348072,121.60335309106918,118.04826755034811,118.1067123413086,164560400
2021-03-01,120.53196041049354,124.60326248159897,119.59692548811965,124.46690368652344,116307900
2021-03-02,125.07077161615514,125.37270785746594,121.75918527388905,121.86632537841797,102260900
2021-03-03,121.56439034639122,122.44098788620711,118.67162218049718,118.88590240478516,112966300
2021-03-04,118.58396379730593,120.38585416346811,115.53536025738819,117.00608825683594,178155000
2021-03-05,117.8339897181949,118.76902459264008,114.51266119025206,118.26254272460938,153766600
2021-03-08,117.78528895665244,117.85346835184752,113.1880285063647,113.3341293334961,154376600
2021-03-09,115.93468789918522,118.8858931954571,115.7009310503409,117.94111633300781,129525800
2021-03-10,118.52551679323263,118.99303047984385,116.34376148572666,116.8599853515625,111943300
2021-03-11,119.35342480023796,120.00600008566362,118.1067115889779,118.78850555419922,103026500
2021-03-12,117.26904549651593,118.01901867113014,116.06129330333414,117.88265991210938,88105100
2021-03-15,118.25279852383531,120.77544332973144,117.28853761790177,120.76570129394531,92403800
2021-03-16,122.4312508542222,123.9117284110974,121.47673927373422,122.30463409423828,115227900
2021-03-17,120.82415009129004,122.58707964634337,119.15861117334904,121.51568603515625,111932600
2021-03-18,119.68454802673601,119.97674960924601,117.19112226503158,117.39566040039062,121229700
2021-03-19,116.78207967633583,118.27229182875169,116.5677994448256,116.86973571777344,185549500
2021-03-22,117.20090338075846,120.64884902153915,117.1327239795706,120.18132781982422,111912300
2021-03-23,120.12286614601692,121.00919818208511,118.9638091293934,119.35340881347656,95467100
2021-03-24,119.62612052050626,119.7040419397164,116.94763304087101,116.96710968017578,88530500
2021-03-25,116.43144866728201,118.49632225832028,115.90549008944214,117.45413970947266,98844700
2021-03-26,117.22036947257719,118.32098926109825,115.82755546141085,118.0580062866211,94071200
2021-03-29,118.48657071923124,119.39238695881983,117.59049651669116,118.23332977294922,80819200
2021-03-30,116.98659687346046,117.26905645239088,115.76910253203405,116.78205871582031,85671900
2021-03-31,118.48657394561577,120.3079410804402,117.9995761138878,118.97357177734375,118323800
2021-04-01,120.44430093685868,120.9507753854183,119.30472042335516,119.80146026611328,75089100
2021-04-05,120.6488353850815,122.87928615898178,119.86963594729222,122.62604522705078,88651200
2021-04-06,123.21043047231339,123.82404496077191,122.38253578537845,122.92797088623047,80171300
2021-04-07,122.55785008781349,124.59349702523619,121.88579084483872,124.57402038574219,83466700
2021-04-08,125.59671739753477,126.99927330265552,125.17790646414029,126.97005462646484,88844600
2021-04-09,126.42465924809835,129.58039616425768,126.10323884700867,129.54144287109375,106686700
2021-04-12,129.07392286215278,129.39534324785052,127.23307146188088,127.82720947265625,91420000
2021-04-13,128.99596262492872,131.15823376064404,128.49921542278324,130.9342041015625,91266500
2021-04-14,131.43098018165665,131.48941754486856,128.2362755221187,128.59664916992188,87222800
2021-04-15,130.34010100083557,131.48940869866695,130.16477406100063,131.00241088867188,89347100
2021-04-16,130.8076234498389,131.16799709740084,129.81414368991753,130.6712646484375,84922400
2021-04-19,130.0381714732957,131.9472097448359,129.87259397383497,131.33358764648438,94264200
2021-04-20,131.5088638445784,132.00559615119002,128.3823320528723,129.64852905273438,94812300
2021-04-21,128.91802722500978,130.27188018913125,127.8855945150741,130.02838134765625,68847100
2021-04-22,129.58037371612286,130.66150947358742,127.99277092528317,128.5089874267578,84566500
2021-04-23,128.72326849315886,131.60628729046172,128.72326849315886,130.8271026611328,78657500
2021-04-26,131.32383017529745,131.5478450047434,130.08685158645528,131.21669006347656,66905100
2021-04-27,131.49913616765673,131.88874331170373,130.62254610203854,130.895263671875,66015800
2021-04-28,130.81735115204378,131.50889459107745,129.61934068424674,130.10633850097656,107760100
2021-04-29,132.92119413868548,133.50559750247544,129.00572727008065,130.00894165039062,151101000
2021-04-30,128.35315956120257,130.0868708182536,127.66163089702832,128.04148864746094,109839500
2021-05-03,128.60632513321372,130.58354914625434,128.4017944552361,129.09332275390625,75135100
2021-05-04,127.77847859118502,128.07068022860358,123.40523322106765,124.52532958984375,137564700
2021-05-05,125.84023856195147,127.05773315883954,124.6422280399721,124.76885223388672,84000900
2021-05-06,124.56429033642047,126.37592265450229,123.82405163749547,126.3661880493164,78128300
2021-05-07,127.66377528867821,128.06378037045894,126.3271250126097,127.03936004638672,78973300
2021-05-10,126.25885342470616,126.38567778466182,123.72215780429457,123.76118469238281,88071200
2021-05-11,120.4927508332285,123.19529751599676,119.78052320088503,122.84407043457031,126142800
2021-05-12,120.39520469554279,121.60500854306753,119.27320577012671,119.7805404663086,112172300
2021-05-13,121.54646856304096,123.07823863645709,121.23426088704589,121.92697143554688,105861300
2021-05-14,123.17581868284023,124.7758841676664,122.7855571745272,124.34659576416016,81918000
2021-05-17,123.73190760983564,123.83922968356059,122.12208394757879,123.19529724121094,74244600
2021-05-18,123.47825894714309,123.8977887358132,121.74160317568686,121.80989837646484,63342900
2021-05-19,120.16105011854478,121.87818865261369,119.86835215925528,121.65379333496094,92612000
2021-05-20,122.18066024691666,124.61002681126666,122.05382097524402,124.21000671386719,76857100
2021-05-21,124.70759662181192,124.88321393915864,122.16114924209418,122.37579345703125,79295400
2021-05-24,122.94164921888921,124.82465387319235,122.87335402183648,124.0051040649414,63092900
2021-05-25,124.7075784829674,125.19541091008112,123.24410353248182,123.80998229980469,72009500
2021-05-26,123.86850677372105,124.28803651614747,123.34165494995638,123.76118469238281,56575900
2021-05-27,123.36119642849698,124.53197352741631,122.03431174645816,122.22943878173828,94625600
2021-05-28,122.51236771666937,122.73677048730885,121.51720801205188,121.57574462890625,71311100
2021-06-01,122.03429950032661,122.29772171588232,120.92205913488071,121.25377655029297,67637100
2021-06-02,121.253779962891,122.19040306312083,121.02938463288338,122.01478576660156,59278900
2021-06-03,121.64401659774775,121.80987527623792,120.13175643979874,120.53177642822266,76229200
2021-06-04,121.04889463757115,123.08800699874061,120.83425044759345,122.82457733154297,75169300
2021-06-07,123.09774990370911,123.24409888195902,121.79038257021139,122.8343276977539,71057600
2021-06-08,123.51729447658813,125.33201160333881,123.13679155370112,123.65388488769531,74403800
2021-06-09,124.1124318358548,124.63928371308171,123.43923097435068,124.03437805175781,56877900
2021-06-10,123.92705266664278,125.06856875877892,122.87335638380547,123.03921508789062,71186400
2021-06-11,123.4489755912786,124.33682053678962,123.02944585374593,124.24900817871094,53522400
2021-06-14,124.70755558634418,127.36131675668122,123.97581824545021,127.30278015136719,96906500
2021-06-15,126.77595907590421,127.4198916269695,126.23934861668313,126.48326110839844,62746300
2021-06-16,127.19548678307785,127.7028289556805,125.33200658203938,126.98084259033203,91815000
2021-06-17,126.63932311551761,129.3223595591208,126.49296674080024,128.5808563232422,96721700
2021-06-18,127.52726066500213,128.3077690160274,127.06870382079138,127.2833480834961,108953300
2021-06-21,127.12717628510836,129.18579802932504,126.06372153950791,129.07847595214844,79663300
2021-06-22,128.9126165646152,130.81513075216756,128.4150256244004,130.71755981445312,74783600
2021-06-23,130.51268434910727,131.04929474301073,129.98582509428016,130.4443817138672,60214200
2021-06-24,131.17613794325877,131.36151382298493,129.69314579268672,130.16146850585938,68711000
2021-06-25,130.2102425761428,130.6297648884673,129.57606120699057,129.86875915527344,70783700
2021-06-28,130.16148725640332,131.95667992046137,130.10295063063353,131.4981231689453,62111300
2021-06-29,131.51761747124857,133.16646828417475,131.07857796707717,133.01036071777344,64556100
2021-06-30,132.8542586809143,134.0640700400228,132.56156070353867,133.62503051757812,63261400
2021-07-01,133.27382165358517,133.98604212249344,132.45426418125246,133.92750549316406,52485800
2021-07-02,134.54212006442484,136.5909908825578,134.39577852908815,136.55197143554688,78852600
2021-07-06,136.65929888430668,139.66428770082487,136.65929888430668,138.5618133544922,108181800
2021-07-07,140.0447648918188,141.36189806872017,139.18620319634806,141.04969787597656,104911600
2021-07-08,138.13250812343543,140.5521155930635,137.2446631833098,139.75209045410156,105575500
2021-07-09,139.27406408607257,142.10344367127877,139.17649311255218,141.57659912109375,99890800
2021-07-12,142.64978272453996,142.75710481226085,140.49358983023356,140.98141479492188,76299700
2021-07-13,140.5228614286861,143.86934850619764,140.1326074026889,142.09365844726562,100827100
2021-07-14,144.4937679079545,145.9279745686904,144.0839818158266,145.5181884765625,127050800
2021-07-15,145.60605146154572,146.34754030635762,143.50839445147628,144.8645477294922,106820300
2021-07-16,144.84501166670194,146.11334481046933,142.32783277394142,142.82540893554688,93251400
2021-07-19,140.24965567301865,140.56187074804143,138.22030234707313,138.98130798339844,121434600
2021-07-20,139.96676145319105,143.518127007473,139.47893643261804,142.59124755859375,96350000
2021-07-21,141.98635160042446,142.57174758950413,141.10827250404336,141.85951232910156,74993500
2021-07-22,142.38635852395822,144.59132208932277,142.25951926436974,143.2254180908203,77338200
2021-07-23,143.95716474814094,145.0986734955369,143.34250046599004,144.94256591796875,71447400
2021-07-26,144.6596522812441,146.181664137203,144.10352454843763,145.36212158203125,72434100
2021-07-27,145.48893575716545,145.57675557902394,142.00587269876928,143.1961669921875,104818600
2021-07-28,141.283848347971,143.39125553651849,139.0691190835095,141.44970703125,118931200
2021-07-29,141.16679397009463,142.98150347673163,141.05947187985987,142.09365844726562,56699500
2021-07-30,140.8643309559415,142.7668451974614,140.60090132642787,142.30828857421875,70440600
2021-08-02,142.79613544954273,143.37176538004852,141.71316334757606,141.97659301757812,62880000
2021-08-03,142.2595139229218,144.43520909857267,141.64484970305608,143.7717742919922,64786600
2021-08-04,143.68398028393023,144.19130756729243,142.71808142038705,143.37176513671875,56368300
2021-08-05,143.40104166770632,144.2401013148973,142.61076750096896,143.47909545898438,46397700
2021-08-06,143.0003050001657,143.74290453377364,142.29678337483543,142.79510498046875,54126800
2021-08-09,142.8537292225246,143.34228507821692,142.18930041536296,142.74624633789062,48908700
2021-08-10,143.08824157374232,144.32917762337323,141.97433481779836,142.26747131347656,69023100
2021-08-11,142.70715322469806,143.36181621242878,142.19905101424288,142.52149963378906,48493500
2021-08-12,142.84397881224007,145.63851920327534,142.5019837127135,145.482177734375,72282600
2021-08-13,145.56034862237908,146.01959236929383,144.87637333214747,145.6873779296875,59375000
2021-08-16,145.14019753721752,147.72955306203514,143.11758362273994,147.66114807128906,103296000
2021-08-17,146.7915040599331,148.20831321235303,145.67759718518755,146.75242614746094,92229700
2021-08-18,146.37133747643588,147.2702784625577,142.8048707810112,143.01007080078125,86326000
2021-08-19,141.71051038649435,144.61253336364982,141.1926423719419,143.34228515625,86960300
2021-08-20,144.06535347049768,145.10108950161558,143.42045616108942,144.79818725585938,60549600
2021-08-23,144.91542102572143,146.75239563031982,144.50503593715925,146.28338623046875,60131800
2021-08-24,146.02932738546966,147.40705833624506,145.73619092005404,146.1954345703125,48606400
2021-08-25,146.38105721271626,146.87939357142153,144.41706865589566,144.96424865722656,58991300
2021-08-26,144.95454377317253,145.70690913613237,144.13375851701343,144.16307067871094,48597200
2021-08-27,144.10446179134948,145.34539810446006,143.46934500714787,145.19883728027344,55802400
2021-08-30,145.58966053577964,149.97689795560206,145.20858752404757,149.6153564453125,90956700
2021-08-31,149.16587817080352,149.3026732146875,147.8272249811444,148.35487365722656,86453100
2021-09-01,149.33201585532615,151.4328005101191,148.85322564922996,149.0193328857422,80313700
2021-09-02,150.34819027947748,151.17874128646721,148.91183471793337,150.1332244873047,71115500
2021-09-03,150.24070759279422,151.0908050119508,149.58604446464392,150.7683563232422,57808700
2021-09-07,151.4230043452141,153.66058362239795,150.8562777588282,153.1036376953125,82278300
2021-09-08,153.38700877891932,153.4456331023822,150.45567332943037,151.559814453125,74420200
2021-09-09,151.93112186962642,152.53692642541913,150.42636132134103,150.5436248779297,57305700
2021-09-10,151.45233157203938,151.92134106933233,145.2965241455898,145.5603485107422,140893200
2021-09-13,147.18235774668085,147.9542695218118,145.34538275990522,146.1270751953125,102404300
2021-09-14,146.9087364700221,147.61225802171091,143.54747014740659,144.72976684570312,109296300
2021-09-15,145.15971382126716,146.0195769004921,143.01983678244974,145.61895751953125,83281300
2021-09-16,145.04246503666727,145.56033305169905,143.8503875542624,145.3844451904297,68034100
2021-09-17,145.41377207009813,145.41377207009813,142.42379770872697,142.71693420410156,129868800
2021-09-20,140.50868223734292,141.52487196661303,138.0365905336095,139.66836547851562,123478900
2021-09-21,140.6356810985669,141.29035906389458,139.51200859720305,140.14712524414062,75834000
2021-09-22,141.14376881169068,143.0784456211062,140.41093510559722,142.51173400878906,76404300
2021-09-23,143.2934724341822,143.71363835769614,142.3065946568389,143.4693603515625,64838200
2021-09-24,142.32611071447462,144.09468071612673,142.22839356904527,143.55726623535156,53477900
2021-09-27,142.14045701354505,142.6192471706429,140.52822848156046,142.04273986816406,74150700
2021-09-28,139.97125238193445,141.43691994614318,138.44696050068399,138.66192626953125,108972300
2021-09-29,139.2091217179658,141.14379894035906,138.77919013309102,139.56088256835938,74602000
2021-09-30,140.37190261492736,141.07542439314534,138.0463714641766,138.26133728027344,89056700
2021-10-01,138.65216064526572,139.64881887167329,135.9260252404235,139.38499450683594,94639600
2021-10-04,138.5153346198599,138.95504676613083,135.10522468851968,135.95530700683594,98322000
2021-10-05,136.29733265175278,138.98439014714222,136.1703033445533,137.8802490234375,80861100
2021-10-06,136.2777712400183,138.89642346342436,135.20294239635672,138.74986267089844,83221100
2021-10-07,139.7855986818326,140.9190518423827,139.45338427911526,140.0103302001953,61732700
2021-10-08,140.73338282452485,140.87994360098938,139.29702757701324,139.62924194335938,58773200
2021-10-11,139.0137022391212,141.49555969160025,138.56422424355534,139.5413360595703,64452200
2021-10-12,139.95173660619236,139.9712830193318,137.8118591085372,138.27110290527344,73035900
2021-10-13,138.00724781162134,138.16357433643927,136.01393179740973,137.68479919433594,78762700
2021-10-14,138.85733053427336,140.58682224669744,138.27105760850728,140.4695587158203,69907100
2021-10-15,140.47935479013262,141.58348088448486,140.22529620330172,141.5248565673828,67940300
2021-10-18,140.16667221392322,143.47908032380766,139.88331637742027,143.1957244873047,85589200
2021-10-19,143.64515740033994,145.75572183556673,143.19569445607436,145.3551025390625,76378900
2021-10-20,145.29652399244392,146.32249438069462,144.72979735027167,145.8437042236328,58418800
2021-10-21,145.40397653574416,146.2149809625118,144.48548923531962,146.0586395263672,61421000
2021-10-22,146.26382415540198,146.74259925266702,145.23785408913082,145.28671264648438,58883400
2021-10-25,145.27699295562158,145.95120256523685,144.24125670704237,145.2379150390625,50720600
2021-10-26,145.912078981119,147.387512149544,145.5993961083312,145.90231323242188,60893400
2021-10-27,145.94143694606547,146.30296358535784,145.0913543468451,145.443115234375,56094900
2021-10-28,146.39085470391106,149.66416934171193,146.29313758834866,149.07791137695312,100077900
2021-10-29,143.85040287273776,146.5081482073945,143.0589446865979,146.37135314941406,124953200
2021-11-01,145.57987978563986,146.2736207539483,144.4171144592604,145.55056762695312,74588300
2021-11-02,145.25741606122364,148.10081443519022,145.2476354029817,146.58628845214844,69122000
2021-11-03,146.94786074576106,148.4916993652847,146.39091470548655,148.02268981933594,54511500
2021-11-04,148.1105804313896,148.94111635864294,147.19209312751175,147.50477600097656,60394600
2021-11-05,148.63012712450208,148.93347149692437,146.83940090236302,148.03321838378906,65463900
2021-11-08,148.16042562432813,148.3169952703634,146.93725326087116,147.21124267578125,55020900
2021-11-09,146.9763488953236,148.17994599827716,146.83935422451017,147.57325744628906,56787900
2021-11-10,146.80023551358215,146.9078752619248,144.67681041564214,144.74530029296875,65187100
2021-11-11,145.76299817171153,146.22289720379737,144.51045604306032,144.69638061523438,41000000
2021-11-12,145.24432757919843,147.1720478294866,144.31471985327795,146.77085876464844,63804000
2021-11-15,147.14273967083543,148.620341460146,146.22291165316477,146.7806854248047,59222800
2021-11-16,146.72195341819835,148.23868992516853,146.13482479249984,147.7592010498047,59256200
2021-11-17,147.7592208106454,151.67337235529826,147.7494408070529,150.19578552246094,88807000
2021-11-18,150.4110299216061,155.26456834184324,149.765191484069,154.4817352294922,137827700
2021-11-19,154.26644947880266,157.56413140418218,153.17049212484577,157.10421752929688,117305600
2021-11-22,158.20998681834752,162.14371301680876,157.54458827093626,157.5641632080078,117467900
2021-11-23,157.66203166951047,158.3274452479913,155.6462458566702,157.94581604003906,96041900
2021-11-24,157.29995411244806,158.66012108108276,156.2137765381209,158.46441650390625,69463600
2021-11-26,156.14527755829806,157.00638063396804,153.00416477836077,153.4445037841797,76959800
2021-11-29,155.9495652762871,157.73051124922804,155.38201155737082,156.8009033203125,88748200
2021-11-30,156.556241122539,161.9675530331192,156.4877363212738,161.7522735595703,174048100
2021-12-01,163.88553311945805,166.64501732963333,160.99884912795645,161.23370361328125,152052500
2021-12-02,155.33308223247562,160.6758897940943,154.41325439149716,160.24533081054688,136739200
2021-12-03,160.49976670029744,161.4195945786872,156.29205136899398,158.36654663085938,118023100
2021-12-06,160.76397340255957,164.27693555746282,160.7541933995356,161.77188110351562,107497000
2021-12-07,165.45113775596909,167.8974817346214,164.72701456302048,167.5060577392578,120405400
2021-12-08,168.43571937748263,172.18352101189242,167.03640253357247,171.32240295410156,116998900
2021-12-09,171.15604705270513,172.95655298827864,170.18728927314578,170.8135528564453,108923700
2021-12-10,171.4495967498973,175.77473158616564,170.94075296583623,175.5985870361328,115402700
2021-12-13,177.23275419312068,178.22108688608395,171.76273170193855,171.96823120117188,153237000
2021-12-14,171.48875398461132,173.92531854630914,168.51400556372403,170.5885009765625,139380400
2021-12-15,171.35175229088827,175.6475325738547,168.611843504033,175.4518280029297,131063300
2021-12-16,175.43221959715143,177.25230012898882,167.0852950701425,168.56288146972656,150185800
2021-12-17,166.28294252078598,169.74697513874438,166.0481029746897,167.46697998046875,195432700
2021-12-20,164.66832933666538,166.91896912005944,163.86593615587674,166.10678100585938,107499100
2021-12-21,167.87798083646743,169.48278259693134,165.49034567134433,169.2772979736328,91185900
2021-12-22,169.32618739702795,172.08567137280502,168.45528928513505,171.87039184570312,92135300
2021-12-23,172.07587897729215,173.05441678226669,171.50832525865067,172.49664306640625,68356600
2021-12-27,173.28926405046633,176.54779687853835,173.26970404402934,176.45973205566406,74919600
2021-12-28,176.29336988152778,177.43825729141835,174.69834852343934,175.44203186035156,79144300
2021-12-29,175.48114520820693,176.7532470426314,174.31668310434065,175.5300750732422,62348900
2021-12-30,175.61814365696594,176.6945409857495,174.26775699563726,174.37539672851562,59773000
2021-12-31,174.2677857929612,175.38331824017646,173.45559766181222,173.7589569091797,64062300
2022-01-03,174.0133871781769,178.9550062933326,173.89596741451703,178.10366821289062,104487900
2022-01-04,178.7103390737201,179.01368336177322,175.2756623032222,175.8432159423828,99310400
2022-01-05,175.7551772531539,176.3031560396219,170.89184312629723,171.16583251953125,94537600
2022-01-06,168.99347567343597,171.53767993498516,167.95622799076347,168.30850219726562,96904000
2022-01-07,169.1794172582698,170.40258963561612,167.35933616352636,168.47486877441406,86709100
2022-01-10,165.45114734140734,168.79774430633347,164.5606744980765,168.49440002441406,106765600
2022-01-11,168.62164395189677,171.4202477771128,167.15383722500894,171.32240295410156,76138300
2022-01-12,172.3400901249927,173.3773379097134,171.06800280036754,171.76275634765625,74805200
2022-01-13,172.0073465977702,172.82931463870656,168.10297600637327,168.49440002441406,84505800
2022-01-14,167.66266389110206,170.05029852382498,167.4180294399018,169.3555450439453,80440800
2022-01-18,167.82900716362772,168.83689986985863,165.77408681023036,166.1557159423828,90956700
2022-01-19,166.3514456378891,167.40826837840387,162.37858408989868,162.662353515625,94815000
2022-01-20,163.3962685823185,166.0383181560068,160.65635923759166,160.97927856445312,91420500
2022-01-21,160.89118731707072,162.76019814543096,158.81669190708894,158.92433166503906,122848900
2022-01-24,156.58565431735994,158.81671975397313,151.37982501105924,158.15130615234375,162294600
2022-01-25,155.56795099632697,159.26682305990172,153.65002507588994,156.3507843017578,115798400
2022-01-26,159.99095298775666,160.8618511560036,154.43286466260852,156.26272583007812,108275300
2022-01-27,158.96346843901696,160.32363543352318,154.88296745549835,155.80279541015625,121954600
2022-01-28,162.15350702087153,166.69392186078738,159.30595841103175,166.67434692382812,179935700
2022-01-31,166.5080140130585,171.24413390438698,165.8719554140601,171.0288543701172,115541600
2022-02-01,170.27534392743365,171.0875320298687,168.61183278338754,170.8624725341797,86213900
2022-02-02,170.9994831805343,172.105235689561,169.6099612749151,172.0660858154297,84914300
2022-02-03,170.73526997176376,172.45750604377838,168.4259201826274,169.18917846679688,89418100
2022-02-04,168.20942139418403,170.5805134014752,167.22963674500915,168.9050750732422,82465400
2022-02-07,169.36555780513737,170.43351937589156,167.49416572772904,168.1898193359375,77251200
2022-02-08,168.25837758980256,171.80520742660315,167.96443926792173,171.29571533203125,74829200
2022-02-09,172.49106914991745,173.07893089654075,171.36430797248656,172.71641540527344,71285000
2022-02-10,170.61970267650963,171.93261055270034,168.08206395678414,168.64053344726562,90865900
2022-02-11,168.8462728505392,169.58111126110254,164.64298876993468,165.23086547851562,98670700
2022-02-14,163.98654956855333,166.15188018995096,163.19292640629095,165.46603393554688,86185500
2022-02-15,167.5137664381475,169.45373566949445,166.80832036305304,169.29696655273438,62527400
2022-02-16,168.3759520184021,169.83582117930217,166.61233714082573,169.06179809570312,61177400
2022-02-17,167.57256492057238,168.4347801834387,165.06431864713625,165.46603393554688,69589300
2022-02-18,166.38699918366942,167.0924302194162,162.83037691642315,163.91793823242188,82772700
2022-02-22,161.6448765238355,163.32031494834902,158.87208401329053,160.99822998046875,91162800
2022-02-23,162.19352949330056,162.7911986729469,156.52058346872764,156.83412170410156,90009200
2022-02-24,149.49550590272597,159.55789590082478,148.92722915533128,159.4501190185547,141147500
2022-02-25,160.5279097890242,161.78203291625664,157.617948249187,161.5175018310547,91974200
2022-02-28,159.76364417956287,162.07593599497437,159.14637521454355,161.78199768066406,95056600
2022-03-01,161.3704791343853,163.232078365881,158.69567205028895,159.9008026123047,83474400
2022-03-02,161.0667710705488,163.97673219026618,159.65587901852524,163.19290161132812,79724800
2022-03-03,165.06429046074288,165.49539801856008,162.20332160924863,162.86956787109375,76678400
2022-03-04,161.16476749621853,162.20333673673338,158.82308299816066,159.87144470214844,83737200
2022-03-07,160.05763556238298,161.68408181721537,155.82495831371006,156.0797119140625,96418800
2022-03-08,155.60938587479396,159.58730866544224,152.65043241487155,154.2572784423828,131148300
2022-03-09,158.21559935544633,160.10659124427465,156.1874531828048,159.6558837890625,91454900
2022-03-10,156.96149116992498,157.1476526374479,152.82679892923494,155.31546020507812,105342000
2022-03-11,155.7171269987306,156.0600575177212,151.37668929729986,151.60203552246094,96970100
2022-03-14,148.38835719355112,151.0043799732345,147.06565710961667,147.57513427734375,108732100
2022-03-15,147.8494883910694,152.4250955746164,147.34001116939965,151.9547882080078,92964300
2022-03-16,153.8751841039313,156.7655458657659,151.33754541830783,156.36383056640625,102300200
2022-03-17,155.40363939181822,157.74532403885397,154.4434546489776,157.3730010986328,75615400
2022-03-18,157.2652009907308,161.1549465596943,156.53036263312293,160.66505432128906,123511700
2022-03-21,160.2045664067095,162.9871658912754,159.71467413165345,162.03677368164062,95811400
2022-03-22,162.16411234772428,165.9950729796282,161.57625067180703,165.40721130371094,81532000
2022-03-23,164.59399656875675,169.14998832074127,164.26085849061369,166.7691192626953,98062700
2022-03-24,167.60192566241446,170.61966356312797,166.76911784992285,170.55108642578125,90131400
2022-03-25,170.3649271443604,171.73661941189775,169.2577659174967,171.1879425048828,80546200
2022-03-28,168.68953207951532,172.17756326235886,168.5229704725063,172.05020141601562,90371900
2022-03-29,173.11810933027303,175.39120138120336,172.77517880756406,175.34222412109375,100589400
2022-03-30,174.9405154603071,175.97908457885987,173.12790825883917,174.17628479003906,92633200
2022-03-31,174.2448693810398,174.4310308254092,170.8744083575564,171.08016967773438,103049300
2022-04-01,170.51193161925582,171.3447546015878,168.4641851666293,170.78627014160156,78751300
2022-04-04,171.04097225778014,174.88172536504146,170.91359549990895,174.83273315429688,76468400
2022-04-05,173.91176443413826,174.6955950948926,170.89402610794616,171.52108764648438,73401800
2022-04-06,168.87563829115544,170.1199686542609,166.69072328453476,168.35635375976562,89058800
2022-04-07,167.69991063657648,169.85543344405016,166.41639539463952,168.66009521484375,77594700
2022-04-08,168.30741939304966,168.30741939304966,165.77957300057145,166.65158081054688,76575500
2022-04-11,165.29944535757966,165.61296861541499,162.1543306146452,162.39927673339844,72246700
2022-04-12,164.62342926631288,166.43602198876223,163.27132159796375,164.2707061767578,79265200
2022-04-13,164.00613046155772,167.58233798502656,163.39866884231074,166.9552764892578,70618900
2022-04-14,167.17081545269417,167.80768430539896,161.70361651341247,161.9485626220703,75329400
2022-04-18,160.60627109784113,163.23210129361956,160.2633554980497,161.7330322265625,69023900
2022-04-19,161.6840380358106,164.4274375522312,160.59647667199232,164.0159149169922,67723800
2022-04-20,165.34843439183405,165.4660187034269,162.74221886501599,163.849365234375,67929800
2022-04-21,165.49540922825548,168.06243992326603,162.55605562621574,163.0557403564453,87227800
2022-04-22,163.09495550660975,164.4764404677371,158.2352171809879,158.51934814453125,84882400
2022-04-25,157.8628955248933,159.87145701566283,155.25667975939896,159.5873260498047,96046400
2022-04-26,158.9700254572649,159.05820246882445,153.55181869779824,153.6302032470703,95623200
2022-04-27,152.7582001127346,156.55975368530983,152.2389155403168,153.4048614501953,88063200
2022-04-28,156.030686213781,161.19415486672693,155.717147988404,160.33193969726562,130216800
2022-04-29,158.56834326506834,162.84020491275837,154.071135335253,154.46304321289062,131747600
2022-05-02,153.5420538968097,155.0313157503038,150.17159242252777,154.76678466796875,123055300
2022-05-03,154.95291204808,157.46117291588328,153.15991957685017,156.2560272216797,88966500
2022-05-04,156.44219580516028,163.1145261346623,156.04048055543203,162.66383361816406,108256500
2022-05-05,160.5376906280676,160.76303686900772,151.8175999162394,153.60081481933594,130525300
2022-05-06,153.0807759379822,156.44638259515347,151.28513392702433,154.32693481445312,116124600
2022-05-09,152.02103374851995,152.90414437032265,148.6456356183626,149.20492553710938,131577900
2022-05-10,152.59999379126018,153.79708852885074,150.05861170075954,151.60894775390625,115366700
2022-05-11,150.61789721596364,152.53128118939546,143.07228159830737,143.74932861328125,142689800
2022-05-12,140.08936442340104,143.45495579096956,136.19390367446763,139.88330078125,182602000
2022-05-13,141.87518108716213,145.3192870677171,140.42297369266063,144.34786987304688,113990900
2022-05-16,142.81719487180055,144.7502078730768,141.47290744658727,142.807373046875,86643800
2022-05-17,146.06502676243824,146.95794432736452,143.92595034164182,146.43789672851562,78336300
2022-05-18,144.09275951105042,144.59317839270622,137.27324030149254,138.1759796142578,109742900
2022-05-19,137.2536291483144,139.00020681352638,134.03521536260072,134.77113342285156,136095600
2022-05-20,136.47847391127468,138.05824551298795,130.12014512321653,135.0066375732422,137426100
2022-05-23,135.20286921997902,140.5701665253798,135.06549843768857,140.42298889160156,117726300
2022-05-24,138.1661572066265,139.3043807072169,134.75150167714628,137.724609375,104132700
2022-05-25,135.83086748545804,139.12778160669652,135.74256089517434,137.8816375732422,92482700
2022-05-26,134.81036263839988,141.62986633656274,134.56505664226245,141.08038330078125,90601500
2022-05-27,142.6601509529846,146.86959515379783,142.53258704704527,146.83035278320312,90978500
2022-05-31,146.2710719434681,147.8312145429356,144.08293159739236,146.04537963867188,103718400
2022-06-01,147.08544467274558,148.89090788101987,144.907126593916,145.9178009033203,74286600
2022-06-02,145.05436821890447,148.42978169809749,144.10257959347064,148.37091064453125,72348100
2022-06-03,144.14179449565412,145.19171132509297,141.74762059734428,142.6503448486328,88570300
2022-06-06,144.26933043091793,145.7804234287984,142.17931899917454,143.3960418701172,71598400
2022-06-07,141.6396644479589,146.20234922339836,141.39435849288608,145.9178009033203,67808200
2022-06-08,145.79025407304024,147.0560263615052,144.69128805686674,145.18190002441406,53950200
2022-06-09,144.31844471982856,145.17210490927135,139.85387199936835,139.96180725097656,69473000
2022-06-10,137.6461172993445,138.11710068108783,134.48657445941151,134.55526733398438,91437900
2022-06-13,130.37524138815306,132.6614953380435,128.97209811172078,129.40383911132812,122207100
2022-06-14,130.63035125622758,131.37607607962988,129.0113227305463,130.2672882080078,84784300
2022-06-15,131.76856647591572,134.76130271815364,129.67856950370555,132.8871612548828,91533000
2022-06-16,129.60008846415832,129.90426555728718,126.61715864214314,127.61801147460938,108123900
2022-06-17,127.62784446904057,130.58132405033675,127.3727165836019,129.08985900878906,134520300
2022-06-21,130.91492771438774,134.48658311474856,130.8168142802015,133.3189239501953,81000500
2022-06-22,132.2592024365102,135.17343948860204,131.395735327504,132.80870056152344,73409200
2022-06-23,134.25105651395748,135.98781197648614,133.08339771801545,135.673828125,72433800
2022-06-24,137.27324957478913,139.24551965514786,137.1457006192552,139.00021362304688,89116800
2022-06-27,140.02068012877845,140.79585557470105,138.32316657888146,139.00021362304688,70207900
2022-06-28,139.46137923230657,140.72715167094702,134.74169394010806,134.85943603515625,67083400
2022-06-29,134.87907356263912,138.02879459026983,134.1038981265762,136.61582946777344,66242400
2022-06-30,134.67300165333307,135.77196780465343,131.2583461315228,134.1529541015625,98964500
2022-07-01,133.48571986150768,136.4293921589786,133.11286488498627,136.3214569091797,71051600
2022-07-05,135.18323666479031,138.95113328697806,134.35899711370092,138.90206909179688,73353800
2022-07-06,138.69602774966668,141.41400763305737,138.43109305954474,140.23654174804688,74064300
2022-07-07,140.59958423477383,143.79838414491758,140.58977738452884,143.60214233398438,66253700
2022-07-08,142.53259722881296,144.77960864232728,142.27748437099987,144.2791748046875,64547800
2022-07-11,142.93489980535588,143.88668829327412,141.08038702449986,142.14991760253906,63141600
2022-07-12,143.02322474684678,145.66272006961017,142.32656399441228,143.12135314941406,77588800
2022-07-13,140.30522551606126,143.700252180436,139.4515504526769,142.75828552246094,71185600
2022-07-14,141.3747693527097,146.1533259024835,140.56035155748177,145.68234252929688,78140700
2022-07-15,146.96775651820843,148.0274804295402,145.41742051675783,147.35043334960938,76259900
2022-07-18,147.90971463576915,148.7241323716371,143.9455611978647,144.30862426757812,81420900
2022-07-19,145.1426536934173,148.39050276940443,144.1516228338136,148.16482543945312,82982400
2022-07-20,148.28255575422767,150.83374396533713,147.54663780551792,150.16650390625,64823400
2022-07-21,151.59913522400217,152.6490522792443,149.08720372847873,152.4331817626953,65086600
2022-07-22,152.47240210045547,153.3456908921451,150.52958270466215,151.19680786132812,66675400
2022-07-25,151.1183116577891,152.12897123891142,149.42079823109208,150.07821655273438,53623900
2022-07-26,149.4011517193333,150.21556938623502,147.96857315136768,148.75355529785156,55138700
2022-07-27,149.71519986654883,154.37601511646298,149.3030874727054,153.8461456298828,78620700
2022-07-28,154.0325515340952,154.68016301876492,151.51081343985047,154.39561462402344,81378700
2022-07-29,158.21256599444197,160.5576907977121,156.5052308137223,159.45870971679688,101786900
2022-08-01,157.9868660422736,160.51842568191043,157.8691239569894,158.47747802734375,67829400
2022-08-02,157.0939825576486,159.36060780651525,156.63280603827062,157.0056610107422,59907000
2022-08-03,157.82008857109244,163.46212742924678,157.73178199101062,163.01077270507812,82507500
2022-08-04,162.8930191834261,164.05087149041262,161.3426831970874,162.69677734375,55474100
2022-08-05,160.3680286094797,162.96205765324038,160.16167874542583,162.47076416015625,56697000
2022-08-08,163.47299550022427,164.88792318870864,161.34078349494277,161.99911499023438,60276900
2022-08-09,161.16392597706255,162.93258559805665,160.40732977942574,162.04824829101562,63135500
2022-08-10,164.76018146628317,166.3912794896035,163.99376480339055,166.29302978515625,70170500
2022-08-11,167.0987297224726,168.01254335724568,165.26129697429445,165.5560760498047,57149200
2022-08-12,166.86294364369544,169.1720142653812,166.45024387983412,169.10324096679688,68039400
2022-08-15,168.53333677957454,170.37076978453467,168.36629877849532,170.17425537109375,54091700
2022-08-16,169.77139729331643,170.6852110892498,168.67090454328755,170.0170440673828,56377100
2022-08-17,169.76157057327157,173.08270464114312,169.5650561598673,171.5105743408203,79542000
2022-08-18,170.72447915963892,171.85444813238172,170.10544459568962,171.1175079345703,62290100
2022-08-19,170.01705694310306,170.71470043124475,168.3270058100883,168.53335571289062,70346300
2022-08-22,166.73519456201245,166.90223255698254,164.22959465128477,164.65211486816406,69026800
2022-08-23,164.17065687050786,165.77227866474297,163.74813661491604,164.3180389404297,54147100
2022-08-24,164.40645810232692,165.18269520734955,163.35508285359487,164.61279296875,53841500
2022-08-25,165.84104108991514,167.17736007756102,165.41853585512217,167.06927490234375,51218200
2022-08-26,167.59986540800332,168.07150295198872,160.71192120457525,160.7708740234375,78961000
2022-08-29,158.3439099366534,160.0634374134409,157.03708224821386,158.56991577148438,73314000
2022-08-30,159.30682979347176,159.72933499269527,154.9736176696823,156.1428985595703,77906200
2022-08-31,157.51850501455607,157.78380767810359,154.4037063115704,154.48231506347656,87991100
2022-09-01,153.91243529158203,155.66143904544523,151.97673759886456,155.20945739746094,74229900
2022-09-02,156.96830451944558,157.56768330857054,152.27153892325623,153.09690856933594,76957800
2022-09-06,153.74542449877808,154.35462378129557,151.01383320910836,151.83920288085938,73714800
2022-09-07,152.1241293530868,153.9419063408882,150.93519246411637,153.24427795410156,87449600
2022-09-08,151.94727474830393,153.63732582875608,150.0213973567108,151.77041625976562,84923800
2022-09-09,152.76283576903634,155.07192172535514,152.0553717736149,154.62974548339844,68028800
2022-09-12,156.81106723949068,161.39974706706778,156.52612358553827,160.58419799804688,104956000
2022-09-13,157.1156691952697,157.7445243311509,150.69937671737435,151.16119384765625,122656600
2022-09-14,152.0946413613245,154.3644300184662,150.9351958505273,152.6055908203125,87965400
2022-09-15,151.95710982916356,152.53684769230986,148.74406036714225,149.71681213378906,90481100
2022-09-16,148.57699569456918,148.71455728301882,145.78643705402317,148.07586669921875,162278800
2022-09-19,146.71009545075992,151.8686783568659,146.5037605306467,151.79006958007812,81474200
2022-09-20,150.7288529156578,155.3273682721185,150.41443284470995,154.16790771484375,107689800
2022-09-21,154.60024966459952,155.97588059110078,150.92538353116046,151.0432891845703,101696800
2022-09-22,149.72659039660394,151.780193333908,148.28218651419172,150.080322265625,86652500
2022-09-23,148.55735322020942,148.83247642204518,145.97314422465584,147.81057739257812,96029900
2022-09-26,147.05398109807987,151.09241446222893,147.03432515906897,148.1446533203125,93339400
2022-09-27,150.08034720002962,152.02586530633175,147.33892101138343,149.11740112304688,84442700
2022-09-28,145.06916155790836,148.01692291304855,142.31791462782627,147.23085021972656,146691400
2022-09-29,143.55596808972413,144.16516723784525,138.2303333041484,139.99899291992188,128138200
2022-09-30,138.8198877735382,140.60820327947016,135.59700366840286,135.79351806640625,124925300
2022-10-03,135.80333891625202,140.57871173992285,135.29238954196313,139.96949768066406,114311700
2022-10-04,142.50457878595228,143.67385961125873,141.74798266491518,143.5559539794922,87830100
2022-10-05,141.56130887045842,144.8136692711772,140.51975411083046,143.85072326660156,79471000
2022-10-06,143.2710319630231,144.9709035584296,142.69130913468942,142.89764404296875,68402200
2022-10-07,140.05793931227225,140.60820060654387,137.02174919053795,137.65060424804688,85925600
2022-10-10,137.974853515625,139.4192574875598,136.15707670936632,137.974853515625,74899000
2022-10-11,137.4639147607023,138.88867789955424,135.8131758038938,136.5599365234375,77033700
2022-10-12,136.70732814205923,137.9159059012539,135.7542175942047,135.9310760498047,70433700
2022-10-13,132.63945479417762,141.0896959265644,132.03024051986287,140.50015258789062,113224000
2022-10-14,141.79714775053986,142.00349764686453,135.78371925254498,135.9704132080078,88598000
2022-10-17,138.61355854500806,140.41167960335844,137.82748592791265,139.9302215576172,85250900
2022-10-18,142.95657861316172,144.14550040873658,138.1615495711484,141.2468719482422,99136600
2022-10-19,139.22273820875563,142.42596605805213,139.03604430161235,141.35494995117188,61758300
2022-10-20,140.52962076392365,143.3496411342512,140.16605331698352,140.89317321777344,64522000
2022-10-21,140.3821753657461,145.27546856585172,140.16600506406664,144.70556640625,86548600
2022-10-24,144.62698448602487,147.6140424012265,143.45770354454174,146.84762573242188,75981900
2022-10-25,147.47651092815792,149.83472923085242,146.7592264620596,149.6873321533203,74732300
2022-10-26,148.33134005875115,149.34340346890698,145.4621728259598,146.74937438964844,88194300
2022-10-27,145.49164292829627,146.45457384887203,141.6202483177286,142.27857971191406,109180200
2022-10-28,145.6193777007102,154.75743900232175,145.24600486857483,153.02809143066406,164762400
2022-10-31,150.49306337072383,151.5542593756546,149.2746498110423,150.669921875,97943200
2022-11-01,152.37958612806426,152.74313850206963,146.53319676946654,148.02671813964844,80379300
2022-11-02,146.35633217647393,149.5202635488904,142.47511648464766,142.5045928955078,93604600
2022-11-03,139.58628898595558,140.313408670562,136.33392883040858,136.461669921875,97918500
2022-11-04,139.84737436397546,140.41822196260875,132.25907054843208,136.19593811035156,140814800
2022-11-07,134.94601683421618,136.95381325392813,133.52874170596672,136.72744750976562,83374600
2022-11-08,138.1939045722533,139.19779504119253,135.31999290082103,137.2982635498047,89908500
2022-11-09,136.31406095143706,136.36327480735815,132.46576869499577,132.74134826660156,74917800
2022-11-10,139.01083896213112,144.55197143554688,137.29829567413785,144.55197143554688,118854000
2022-11-11,143.5185285677149,147.64238513720315,142.0914019190675,147.3372802734375,93979700
2022-11-14,146.6187940766482,147.9081158240503,145.10309162733654,145.93968200683594,73374100
2022-11-15,149.81752177217496,151.16589433590542,146.2152837355369,147.6719207763672,89868300
2022-11-16,146.77626501882386,147.50457588314197,144.96529458424104,146.44161987304688,64218300
2022-11-17,144.11891685845265,149.08921670380388,143.84333724490105,148.34121704101562,80389400
2022-11-18,149.90611212166033,150.28995621048665,147.6030475887024,148.90220642089844,74829600
2022-11-21,147.79004119922186,147.99671837716943,145.3885491071394,145.67396545410156,58724100
2022-11-22,145.79210482793843,148.04595570366934,144.61103212345353,147.8097381591797,51804100
2022-11-23,147.09121210280074,149.43365312101446,146.98294764352303,148.68565368652344,58301400
2022-11-25,145.96920976620405,146.53022062215993,144.79798922240155,145.77236938476562,35195900
2022-11-28,142.84924916455952,144.32557460653223,141.11703271911014,141.9437713623047,69246000
2022-11-29,142.01266197350824,142.5244590100729,138.13485967272496,138.94190979003906,83763800
2022-11-30,139.16825626793215,146.37273080225066,138.33168095809938,145.69361877441406,111380900
2022-12-01,145.87082558028513,146.77630352615344,144.29607218523327,145.96923828125,71250400
2022-12-02,143.6563344518848,145.66413072697534,143.35121453595042,145.4771270751953,65447400
2022-12-05,145.43777233013495,148.5380503426706,143.46933803189978,144.31576538085938,68826400
2022-12-06,144.74881132681773,144.97517704731527,139.68008441838234,140.6544647216797,64727200
2022-12-07,139.9458322919547,141.10720126498546,137.79039443330282,138.71556091308594,69721100
2022-12-08,140.11311277127444,141.25480793302907,138.8730049343077,140.39852905273438,62128300
2022-12-09,140.09342685388958,143.27245818375033,138.67615214625445,139.91627502441406,76097000
2022-12-12,140.44774653895632,142.21933993621704,138.83363144766497,142.20950317382812,70462700
2022-12-13,147.1404505596148,147.60303377953338,141.9634742273276,143.17405700683594,93886200
2022-12-14,143.05596154285573,144.34528354143862,138.93208948952125,140.94973754882812,82291200
2022-12-15,138.88286801559113,139.5619801804679,133.88304361781863,134.3456268310547,98931900
2022-12-16,134.53259379367577,135.47743349054232,131.61930552276547,132.38699340820312,160156900
2022-12-19,132.97755207276447,133.0661279935264,129.24737645818792,130.28079223632812,79592600
2022-12-20,129.31627297471567,131.14691722297425,127.83994745250583,130.2119140625,77432800
2022-12-21,130.88114757728772,134.65069977293228,130.65478191534362,133.31216430664062,85928000
2022-12-22,132.22957105725172,132.43624823454394,128.24348886904642,130.1430206298828,77852100
2022-12-23,128.85367283616628,130.32999816428637,127.59387642427377,129.77883911132812,63814900
2022-12-27,129.30642098872343,129.33594629425505,126.68840043322825,127.97772216796875,69007800
2022-12-28,127.62342547026658,128.9619612841453,123.883405115354,124.05072021484375,85438400
2022-12-29,125.9699349180437,128.42063320760047,125.71404389802797,127.56436920166016,75703700
2022-12-30,126.38332662595286,127.89901441454006,125.41879052423468,127.87932586669922,77034200
2023-01-03,128.22381722299875,128.83402708890517,122.21024945484623,123.0960464477539,112117500
2023-01-04,124.88729543343348,126.62936374107429,123.10586505340991,124.36566162109375,89113600
2023-01-05,125.12350481122068,125.75340309203497,122.79091532129203,123.04680633544922,80962700
2023-01-06,124.02117217456781,128.2336117453076,122.91884655664052,127.57418823242188,87754700
2023-01-09,128.41079711233908,131.30439758356596,127.83994943275363,128.09584045410156,70790800
2023-01-10,128.20407340232998,129.18829019036005,126.09785007666395,128.66665649414062,63896200
2023-01-11,129.17849644752224,131.402821722743,128.40097153395064,131.38314819335938,69458900
2023-01-12,131.76699610111268,132.14098840377943,129.36550386584642,131.30441284179688,71379600
2023-01-13,129.94617875784812,132.79056549396478,129.58202324711493,132.63308715820312,57809700
2023-01-17,132.7019826183309,135.12314807764807,132.01303370787318,133.79446411132812,63646600
2023-01-18,134.6605941996835,136.42233624485746,132.898837136548,133.0760040283203,69672800
2023-01-19,131.96380450388668,134.09955338686564,131.65869966602656,133.13502502441406,58280400
2023-01-20,133.14488168206822,135.84164181281548,132.10161400912494,135.69400024414062,80223600
2023-01-23,135.94007397852303,141.05801539977267,135.72354499448727,138.8828887939453,81760300
2023-01-24,138.0954934654877,140.90051809732327,138.0856567013407,140.28045654296875,66435100
2023-01-25,138.6663106564194,140.1819979894366,136.61913781717996,139.62100219726562,65799300
2023-01-26,140.91035682918778,141.9733130723702,139.66039693887691,141.68789672851562,54105100
2023-01-27,140.90051489349364,144.9062704324847,140.82177572822627,143.6267852783203,70555800
2023-01-30,142.67216047454605,143.25284513445422,140.5954611661935,140.7430877685547,64015300
2023-01-31,140.4477633640219,142.06187864867766,140.03439402480078,142.01266479492188,65874500
2023-02-01,141.69774073810188,144.29607334830789,139.08957136310852,143.1346893310547,77663600
2023-02-02,146.54992610628193,148.79393998354684,145.83145179927072,148.43963623046875,118339000
2023-02-03,145.6936529941079,154.8960886893848,145.496812581912,152.06153869628906,154357300
2023-02-06,150.16198925829823,150.68362304726807,148.40023248441526,149.33523559570312,69858300
2023-02-07,148.26246234257331,152.7800151967711,148.26246234257331,152.20916748046875,83322600
2023-02-08,151.45130381865607,152.14025265616812,148.78406936876726,149.52223205566406,64120100
2023-02-09,151.35289040745275,151.89421276586904,148.04592065726195,148.4888153076172,56007100
2023-02-10,147.32567733632254,149.17882019931434,147.08909918660703,148.85353088378906,57450700
2023-02-13,148.79437344145694,152.05710297296255,148.7648030561656,151.65296936035156,62199000
2023-02-14,149.9476888936107,151.5741355635304,148.7056873791277,151.01226806640625,61707600
2023-02-15,150.92354792770303,153.27941747242824,150.69683660205456,153.11184692382812,65573800
2023-02-16,151.3178281549916,154.09756497312395,151.16012443154224,151.51498413085938,68167900
2023-02-17,150.17439533222245,150.8151070910907,148.69581585093724,150.3715362548828,59144100
2023-02-21,148.05511953332274,149.1394173925265,146.29068760704538,146.35968017578125,58867200
2023-02-22,146.74407109413818,147.80865006019064,145.05849901188733,146.78350830078125,51011300
2023-02-23,147.94667430552937,148.1931042440918,145.1373820304515,147.2665252685547,48394200
2023-02-24,145.00924162382364,145.0881010134071,143.6390916917033,144.61495971679688,55469600
2023-02-27,145.60065500306268,147.03979725813033,145.34435826985944,145.80764770507812,44998500
2023-02-28,144.9501024216552,146.95111245136155,144.73324285815977,145.30496215820312,50547000
2023-03-01,144.73322244168676,145.12750429739225,142.9392054041828,143.23492431640625,55479000
2023-03-02,142.31822024697658,144.61494903595985,141.84506394442167,143.8263702392578,52238100
2023-03-03,145.9259379185379,148.95210462024477,145.2260853537234,148.8732452392578,70732300
2023-03-06,151.59384830577196,154.0680147422593,151.26857399298945,151.63328552246094,87558000
2023-03-07,151.50510660246357,151.83039589059405,148.9718149331636,149.4351043701172,56182000
2023-03-08,150.6278251668401,151.27840377958802,149.6618240709013,150.6869659423828,47204800
2023-03-09,151.36716487757482,152.33316629218885,148.08471538410208,148.4395751953125,53833600
2023-03-10,148.06496662146847,148.78453780981002,145.5020893181875,146.37937927246094,68572400
2023-03-13,145.69922529511118,150.95311305935627,145.59079552733544,148.3212432861328,84457100
2023-03-14,149.11968969699433,151.209410853691,147.95654755608294,150.41098022460938,73695900
2023-03-15,149.03095372752588,151.0615337650689,147.77908558210245,150.8052520751953,77167900
2023-03-16,149.98711209240733,154.22570978036399,149.47453364061312,153.62442016601562,76161100
2023-03-17,153.85112382009055,154.50170239485772,152.07682545294745,152.7865447998047,98944600
2023-03-20,152.85559899795223,155.56632884505603,151.94872341311736,155.15231323242188,73641400
2023-03-21,155.0734148747329,157.12369840917287,154.30453974820858,157.0054168701172,73938300
2023-03-22,157.02515051318744,159.82459083880553,155.55642275206148,155.57614135742188,75701800
2023-03-23,156.56186795883147,159.24302685232914,155.4282812343858,156.66043090820312,67622100
2023-03-24,156.59142861861952,158.0502895303303,155.59585715875076,157.96157836914062,59196500
2023-03-27,157.6560126824132,158.47416184588545,155.61556566491817,156.01971435546875,52390300
2023-03-28,155.714149696992,156.22672817707905,153.7525619849842,155.39871215820312,45992200
2023-03-29,157.09416533498404,158.75018247951246,157.07446176772007,158.47418212890625,51305700
2023-03-30,159.22330893800608,160.1498879032855,158.96702721945866,160.0414581298828,49501700
2023-03-31,160.120319104618,162.64375926608275,159.59788883873148,162.54518127441406,68749800
2023-04-03,161.92418140899423,163.91532439911353,161.87489241518372,163.7970428466797,56976200
2023-04-04,164.22091988909426,164.45748300799937,162.75219201536794,163.2647705078125,46278300
2023-04-05,162.38749456021097,162.69306530915642,159.48947577581393,161.42147827148438,51511700
2023-04-06,160.11047335808198,162.60435849941234,159.6866210280676,162.3086395263672,45390100
2023-04-10,159.11488161033475,159.71617126464844,157.7940207437735,159.71617126464844,47716900
2023-04-11,160.03160702009572,160.04145880285023,158.21787125365222,158.5037384033203,47644200
2023-04-12,158.9177526201656,159.74575366976245,157.49831365463328,157.81375122070312,50133100
2023-04-13,159.32186881483895,163.43231787231758,159.11486107428212,163.19573974609375,68445600
2023-04-14,162.23961256067847,163.94491858408577,161.48061917083933,162.85076904296875,49386500
2023-04-17,162.73248322378927,163.02820218114718,161.6876226098968,162.8704833984375,41516200
2023-04-18,163.72804670609275,165.019337094876,163.28446081239204,164.09275817871094,49923000
2023-04-19,163.43235220441335,165.75865162452376,163.1760554202755,165.23622131347656,47720200
2023-04-20,163.71820194187683,165.47278202514906,163.19577163848064,164.27020263671875,52456400
2023-04-21,162.6930683177726,164.07307012591417,162.141067594516,162.6634979248047,58337300
2023-04-24,162.643765839196,163.23520373133107,161.54961626736943,162.96905517578125,41949600
2023-04-25,162.83104036567903,163.93504162144998,161.3918829793584,161.4313201904297,48714100
2023-04-26,160.73147738017352,162.91977666468185,160.47519563222698,161.42147827148438,45498800
2023-04-27,162.83104713478986,166.1529178634098,162.83104713478986,166.00506591796875,64902300
2023-04-28,166.08391841749662,167.42449781718415,165.48262879614657,167.2569122314453,55275900
2023-05-01,166.86264216717663,168.01593249804148,166.2317821133474,167.168212890625,52472900
2023-05-02,167.66107793363267,167.91737470896658,165.1474894240389,166.13320922851562,48425700
2023-05-03,167.07950544573387,168.47922575134587,164.77292473257992,165.05877685546875,65136000
2023-05-04,162.535328337613,164.65461977543495,161.96360907995128,163.42247009277344,81235400
2023-05-05,168.53837432535954,171.81097141948842,168.32151475691046,171.09140014648438,113453200
2023-05-08,170.0169462399646,171.36739258858663,169.65223472844943,171.0223846435547,55962800
2023-05-09,170.57881302608763,171.06180609803263,169.14952233576255,169.3170928955078,45326900
2023-05-10,170.54924563088602,171.54481722364216,169.4452292165715,171.08152770996094,53724500
2023-05-11,171.36739208260082,172.09681510347738,169.71137500858376,171.26881408691406,49514700
2023-05-12,171.3773676163626,171.8116866019269,168.79121464447562,170.3409423828125,45533100
2023-05-15,170.92334452950067,170.97270170588305,169.25517137496644,169.84742736816406,37266700
2023-05-16,169.76845889829133,170.9035986466086,169.58091066505557,169.84742736816406,42110300
2023-05-17,169.492059065459,170.69628668546216,168.21871333171157,170.4593963623047,57951600
2023-05-18,170.76540150488879,172.97647339745131,170.35082834910114,172.78892517089844,65496700
2023-05-19,174.11156880350413,174.11156880350413,172.6803014737671,172.8974609375,55809500
2023-05-22,171.73273062815065,172.45331220735133,171.2095777379714,171.94989013671875,43570900
2023-05-23,170.89373741791002,171.1405082441651,169.06762727894406,169.34400939941406,50747300
2023-05-24,168.88004898113246,170.19287135053577,168.3174194294986,169.620361328125,45143500
2023-05-25,170.18302884098296,171.65377326209193,169.47232768730396,170.7555389404297,56058300
2023-05-26,171.08127033696854,173.49962120538788,170.87397623432938,173.16400146484375,54835000
2023-05-30,174.67423726963298,176.67801481811213,174.28927545149398,175.0098419189453,55964400
2023-05-31,175.03946345752533,177.03337571367211,174.4768188110026,174.9604949951172,99625300
2023-06-01,175.40466591116137,177.79340523372372,174.64460769798924,177.7637939453125,68901800
2023-06-02,178.69166987914852,179.43198227661338,176.94452840385708,178.61270141601562,61996900
2023-06-05,180.27101332814428,182.56103856696868,175.74028990045602,177.26040649414062,121946500
2023-06-06,177.64538051324874,177.79343698174293,175.13818052764557,176.89520263671875,64848400
2023-06-07,176.13511905525095,178.8693435880805,175.0295907510138,175.52313232421875,61944600
2023-06-08,175.60209965770608,178.50412674833163,175.1677956906412,178.2376251220703,50214900
2023-06-09,179.15559212759166,179.8761586114367,178.29683460490384,178.62257385253906,48900000
2023-06-12,178.92856174317663,181.51471470308874,178.6324337942364,181.41600036621094,54274900
2023-06-13,180.4387927508673,181.77134589189876,180.08344223425368,180.94219970703125,54929100
2023-06-14,181.00143405215442,182.00826309164242,179.668880824476,181.57394409179688,57462900
2023-06-15,181.5838370156226,184.11076766616947,181.4061542027307,183.6073455810547,65433200
2023-06-16,184.31803597311566,184.57468723659963,181.88981981135748,182.5314178466797,101256200
2023-06-20,182.02802885230534,183.69620198313194,182.02802885230534,182.62026977539062,49799100
2023-06-21,182.51169267844918,183.01511479137184,180.23153270863293,181.58384704589844,49515700
2023-06-22,181.36664831236425,184.63389085713814,181.29754526800113,184.58453369140625,51245300
2023-06-23,183.1533133637622,185.13734541827677,182.62027993546528,184.26870727539062,53117000
2023-06-26,184.41673933227065,185.62098193195177,182.83740033087778,182.87689208984375,48088700
2023-06-27,183.48889069387212,185.9565986299679,183.27173119056016,185.630859375,50730800
2023-06-28,185.50253915791174,187.44709427325768,185.17681495512898,186.8054962158203,51216800
2023-06-29,186.63770623646846,187.6149240946042,186.49951518133068,187.14111328125,46347300
2023-06-30,189.1547673916645,191.96794560784363,188.78953634841974,191.46453857421875,85213200
2023-07-03,191.27697146600818,191.37568580561538,189.28305928715224,189.97402954101562,31458200
2023-07-05,189.09554798353173,190.48732393792235,188.15780683402295,188.858642578125,46920300
2023-07-06,187.3878577490578,189.53970680413252,186.75612514844465,189.33241271972656,45094300
2023-07-07,188.9375920522482,190.1813114167851,187.7827065576724,188.21701049804688,46815000
2023-07-10,186.8153345366687,187.53591601497686,184.62400893826026,186.17373657226562,59922200
2023-07-11,186.71665587805697,186.85484691926047,184.18972537508213,185.65060424804688,46638100
2023-07-12,187.22996818763008,189.223880831428,186.03560573302573,187.31881713867188,60750200
2023-07-13,188.03936545890204,188.72045533421505,187.32866429002723,188.07884216308594,41342300
2023-07-14,187.77284851528793,188.71057462083735,187.18060758311253,188.22691345214844,41616200
2023-07-17,189.421252931179,191.81000743962883,189.33241906132668,191.48426818847656,50520200
2023-07-18,190.8525644573039,191.81990188608006,189.93456914478574,191.22764587402344,48288200
2023-07-19,190.6057743707706,195.66950100927124,190.16157487576123,192.57994079589844,80507300
2023-07-20,192.57006595398724,193.9322456468904,190.01352397351403,190.63539123535156,59581200
2023-07-21,191.5928731808388,192.4516308259383,188.75993388819955,189.4607696533203,71951700
2023-07-24,190.91174763146105,192.392372294224,189.76672761078473,190.26026916503906,45377800
2023-07-25,190.83278632842445,191.92844922240585,190.4280786239598,191.11903381347656,37283200
2023-07-26,191.1684052777898,193.11296042478057,190.8229351880455,191.98768615722656,47471900
2023-07-27,193.4880330742484,194.65278390019768,190.06285351948284,190.7241973876953,47460200
2023-07-28,192.15551679155857,194.09020681344484,191.6323638132229,193.300537109375,48291400
2023-07-31,193.52754422924545,193.9519978690126,192.73787459795656,193.91250610351562,38824100
2023-08-01,193.7052107356477,194.1888718595327,192.75760424557473,193.08334350585938,35175100
2023-08-02,192.52069974591456,192.65889079076135,189.37191700535638,190.0924835205078,50389300
2023-08-03,189.09555647139584,189.8852110681393,188.22691834094286,188.70071411132812,61235200
2023-08-04,183.12366926443607,184.9596445164711,179.57016391801557,179.63926696777344,115956800
2023-08-07,179.77748800777417,180.76457131743229,175.0592309925441,176.53985595703125,97576100
2023-08-08,177.36897457174686,177.94148460917899,175.2862285117603,177.47755432128906,67823000
2023-08-09,178.53374257918168,178.59296516430098,174.72360063232372,175.88836669921875,60378500
2023-08-10,177.16169386807627,178.41529378720278,175.30598763799586,175.67120361328125,54686900
2023-08-11,175.26597277471524,176.55090180538758,174.50488805624465,175.7305145263672,52036700
2023-08-14,175.90843422608452,177.60851131506328,175.25607590732963,177.3811798095703,43675600
2023-08-15,176.8078826094104,177.40092323969566,174.99907927707545,175.39443969726562,43622600
2023-08-16,175.07815356283987,176.47180884084688,174.45544657600635,174.52464294433594,46964900
2023-08-17,175.08803154260252,175.4537406821077,171.47042491030345,171.98440551757812,66062900
2023-08-18,170.30410101859755,173.07166917955516,169.96804315644715,172.46873474121094,61172200
2023-08-21,173.04203097276417,174.08974972921308,171.7274356199635,173.8031005859375,46311900
2023-08-22,175.00897300604348,175.62178623446252,174.20835828322907,175.177001953125,42038900
2023-08-23,176.45203891919172,179.44693836874362,176.26423745502308,179.02191162109375,52722800
2023-08-24,178.57713623123834,179.0021629998802,173.97111355320405,174.3368377685547,54945800
2023-08-25,175.3252527852027,177.07473842454561,173.78332608108835,176.54100036621094,51449600
2023-08-28,178.003859262239,178.49806733287568,176.48170504077262,178.1027069091797,43820700
2023-08-29,177.6183997947506,182.75816135607317,177.42071955816803,181.98719787597656,53003900
2023-08-30,182.79765839633507,185.67395259086382,182.5999782117213,185.47625732421875,60813900
2023-08-31,185.66408956621913,186.92926105598286,185.30825914209595,185.69374084472656,60794500
2023-09-01,187.29495583927402,187.7199674857303,186.09896582677092,187.2653045654297,45766500
2023-09-05,186.09899903788357,187.7793035443977,185.43676200045883,187.50254821777344,45280000
2023-09-06,186.21760937163043,186.66240873519862,179.36789222272253,180.7912139892578,81755800
2023-09-07,173.15075355684382,176.14566870650594,171.5297514902668,175.50318908691406,112488800
2023-09-08,176.2840260730559,178.15213198996554,175.7305003611282,176.11598205566406,65551300
2023-09-11,177.98410020535158,178.21143169284028,175.28571330476424,177.28231811523438,58953100
2023-09-12,177.4108165912451,178.043402311121,172.79491507430095,174.2577667236328,90370200
2023-09-13,174.46531572894506,175.24617287306006,171.96462426919445,172.1919708251953,84267900
2023-09-14,171.98438956640607,174.06006926639952,171.56925664281374,173.70423889160156,60895800
2023-09-15,174.43568479625586,174.45545734300367,171.80650919609533,172.9827117919922,109259500
2023-09-18,174.43567131089117,177.30208708635865,174.1292647291417,175.90841674804688,67257600
2023-09-19,175.4636488877364,177.54920768301113,175.07816717117066,176.99569702148438,51826900
2023-09-20,177.1834868845125,177.61839243619755,173.3681996565953,173.45716857910156,58436200
2023-09-21,172.5280351536478,174.25776334751873,171.846025624082,171.9152069091797,63149100
2023-09-22,172.64665367280514,175.02874030453424,172.03384046276338,172.7652587890625,56725400
2023-09-25,172.18210166869468,174.92001880772483,172.13267784152856,174.0403289794922,46172700
2023-09-26,172.7949188930673,173.1705067749598,169.67152023376326,169.96804809570312,64588900
2023-09-27,170.62036773962245,171.03550065621633,167.09173040755883,168.4557342529297,66921800
2023-09-28,167.3783703364052,170.03721192481018,165.678293523344,168.71273803710938,56294400
2023-09-29,170.027329658855,171.06516950648842,168.3667828862352,169.22671508789062,51861100
2023-10-02,169.2365980179806,172.28092127496365,168.94994891630552,171.73728942871094,52164500
2023-10-03,170.26454593815689,171.61868620307462,168.84123947337378,170.40292358398438,49594600
2023-10-04,169.10809426237566,172.19196251916273,168.9894891655102,171.64833068847656,53020300
2023-10-05,171.77681389678688,173.4175881136583,170.6796715086417,172.88385009765625,48527900
2023-10-06,171.78674735969838,175.92821386257307,171.17391902858174,175.4340057373047,57266700
2023-10-09,174.76185568517045,176.9759132731787,173.76356081110382,176.91661071777344,42390800
2023-10-10,176.03691333055846,177.6381425852869,175.88864186643335,176.32354736328125,43698000
2023-10-11,176.13576739500243,177.7666632072918,175.54272671219826,177.7172393798828,47551100
2023-10-12,177.98412865495294,180.22782277513622,176.96604600034954,178.61671447753906,56743100
2023-10-13,179.31845034069394,179.82253713140665,176.07644667980117,176.77822875976562,51427100
2023-10-16,174.70255348644375,177.0055649122618,174.46532818230494,176.6497344970703,52517000
2023-10-17,174.60370757241088,176.35320838797153,172.77514673671925,175.09791564941406,57549400
2023-10-18,173.5461178040648,175.5229501994882,173.08156098457755,173.8031005859375,54764400
2023-10-19,174.0007735918687,175.77992569036093,173.16062890788183,173.42750549316406,59302900
2023-10-20,173.27923973046956,173.3879661145723,170.64017031492207,170.8773956298828,64244000
2023-10-23,168.93023103826835,171.99431247525374,167.961572219047,170.9960174560547,55980100
2023-10-24,171.04542648826694,171.6582397062376,169.46395453488128,171.430908203125,43816600
2023-10-25,169.88899020331988,171.05531414118843,168.67322735441405,169.11802673339844,57157000
2023-10-26,168.39644027726376,169.39475015606334,163.75088778515044,164.95675659179688,70625300
2023-10-27,164.9765244498122,167.00278034322866,164.8974493569631,166.27134704589844,58499100
2023-10-30,167.06212028170575,169.18720920526536,166.91384879366788,168.31739807128906,51131000
2023-10-31,167.3882903979478,168.92032345051314,165.95507483465602,168.79183959960938,44846000
2023-11-01,169.01917553597846,172.21175573979943,168.1493644262673,171.95477294921875,56934900
2023-11-02,173.4868054165182,175.7206204672586,173.42750286114074,175.5130615234375,77334800
2023-11-03,172.22162738228718,174.77174274032964,171.34193765305042,174.60369873046875,79829200
2023-11-06,174.33684685023218,177.35150406781844,174.16881791314302,177.15382385253906,63841300
2023-11-07,177.1043884447924,180.32663456302825,176.89682951103612,179.7138214111328,70530000
2023-11-08,180.23768527185777,181.32493395317235,179.4864793691692,180.77142333984375,49340300
2023-11-09,180.84061367506283,181.98716487212562,179.7039261272927,180.29698181152344,53763500
2023-11-10,182.07849676599454,184.6517706680945,181.64301825007877,184.48350524902344,66133400
2023-11-13,183.9094496896321,184.1172820619318,182.31600272709323,182.89993286132812,43627500
2023-11-14,185.77012344749633,186.17591157835597,184.38452385663774,185.51280212402344,60108400
2023-11-15,185.91859136162876,187.55162053928348,185.84930383072194,186.07693481445312,53790500
2023-11-16,187.6209157424311,188.9966236513369,186.7103615664657,187.7594757080078,54412900
2023-11-17,188.29390964052354,188.42257785422723,186.63119011836693,187.7396697998047,50922700
2023-11-20,187.93760923589429,189.93684445013852,187.92771748948175,189.4815673828125,46505100
2023-11-21,189.44197314241592,189.55084275358138,187.78914548337832,188.6798858642578,38134500
2023-11-22,189.52115946327928,190.9463411053134,188.8679417719912,189.34300231933594,39617700
2023-11-24,188.90754041885276,188.93723076179566,187.30420149232032,188.0167999267578,24048300
2023-11-27,187.96730652329646,188.70959528304604,186.95778958150402,187.83863830566406,40552600
2023-11-28,187.82874701011957,189.11538388382388,187.45264920500045,188.44236755371094,38415400
2023-11-29,188.93722623545,190.11499348364924,187.02707707633283,187.42295837402344,43014200
2023-11-30,187.888109148078,188.36318478193425,186.2550800746654,187.99697875976562,48794400
2023-12-01,188.37308016671426,189.59042941044567,187.2843840288066,189.2737274169922,45704800
2023-12-04,188.02667840765253,188.09596593756666,185.52269231677565,187.48233032226562,43389500
2023-12-05,188.25434777036742,192.4012552746417,188.22464232394302,191.43133544921875,66628400
2023-12-06,192.4506950223819,192.75750523859645,190.1347581304068,190.3426055908203,41089700
2023-12-07,191.63916388460834,192.99507315570867,191.59956669458757,192.2725830078125,47477700
2023-12-08,192.20330005396386,193.9749043529612,191.67875053796885,193.69778442382812,53406400
2023-12-11,191.12452944175106,191.50062728331056,189.45190285406377,191.1938018798828,60943700
2023-12-12,191.09480795445688,192.71794533501543,189.748790485074,192.7080535888672,52696900
2023-12-13,193.08415015292962,195.96423418895137,192.8466274130704,195.92465209960938,70404200
2023-12-14,195.98403383047588,197.567574144968,194.14315707722483,196.07310485839844,66831600
2023-12-15,195.49903806818725,196.36008808380646,194.97448862167192,195.53863525390625,128538400
2023-12-18,194.0738561652729,194.60831249977454,192.39133809002112,193.87591552734375,55751900
2023-12-19,194.1431515248431,194.92502236186388,193.87592334681435,194.91513061523438,40714100
2023-12-20,194.87555255598716,195.64753172216422,192.82684326171875,192.82684326171875,52242800
2023-12-21,194.08375795359612,195.0536776254948,191.51048442189503,192.6783447265625,46482500
2023-12-22,193.17322354105164,193.4008696387368,190.98595440796598,191.60948181152344,37149600
2023-12-26,191.6193643540786,191.89648427525853,190.84738527337694,191.06512451171875,28919300
2023-12-27,190.5108903848591,191.5105004803971,189.12527563548673,191.16409301757812,48087700
2023-12-28,192.1439463570104,192.65860419850247,191.18391821699305,191.58970642089844,34049900
2023-12-29,191.9063700376295,192.40122918172025,189.758683164504,190.5504608154297,42672100
2024-01-02,185.22579259007347,186.50253778362813,181.99931604152513,183.7313232421875,82488700
2024-01-03,182.32591573673892,183.96885182302105,181.5440297827802,182.35560607910156,58414500
2024-01-04,180.27718031693732,181.2075179249861,179.0202489631632,180.03965759277344,71983600
2024-01-05,180.1188384374096,180.88091065327836,178.31754388665928,179.31715393066406,62379700
2024-01-08,180.21782130157615,183.69174257913158,179.63389106527006,183.6521453857422,59144500
2024-01-09,182.0289774717032,183.24632668227045,180.8512103460259,183.23643493652344,42841800
2024-01-10,182.45457200324566,184.48348240733844,182.02898528742006,184.27565002441406,46792900
2024-01-11,184.6220377994394,185.12680377786887,181.73206228896322,183.6818084716797,49128400
2024-01-12,184.14698280822722,184.8199990991005,183.28593272766105,184.0084228515625,40477800
2024-01-16,180.28710192352952,182.3655014396163,179.06973745492456,181.7419891357422,65603000
2024-01-17,179.40623600410183,181.04915686376333,178.44620806884475,180.80172729492188,47317400
2024-01-18,184.17667408756796,187.1953179109023,183.91935276727983,186.69056701660156,78005800
2024-01-19,187.3833561379468,189.97641309339812,186.87860527237555,189.59042358398438,68903000
2024-01-22,190.32283587135973,193.32168117146784,190.2832386815117,191.896484375,60133900
2024-01-23,193.01485907067706,193.7373491711095,191.83709192633378,193.17320251464844,42355600
2024-01-24,193.41073733606618,194.36087349468033,192.3418398208385,192.5001983642578,53631300
2024-01-25,193.21280647175473,194.2520137003454,191.124500268323,192.17359924316406,54822100
2024-01-26,192.2725896171282,192.75754194727924,189.9665440310004,190.4416046142578,44594000
2024-01-29,190.03581744325376,190.22386634852867,187.63080907007364,189.75869750976562,47145600
2024-01-30,188.97682064057707,189.82797900977772,185.54249682198056,186.10662841796875,55859400
2024-01-31,185.1169301713608,185.17632596329628,182.45460025625744,182.5040740966797,55467800
2024-02-01,182.09829474891072,185.0278527702626,181.93004443231115,184.93878173828125,64885400
2024-02-02,178.01071526218476,185.40391139136472,177.4069865588012,183.9391326904297,102551700
2024-02-05,186.21548923655902,187.30418539055444,183.9292424150712,185.7503204345703,69668800
2024-02-06,184.93878338477884,187.36359047791993,184.8497123520045,187.35369873046875,43490800
2024-02-07,188.679919622612,189.085707800641,186.67079243137192,187.4625701904297,53439000
2024-02-08,187.44274927884152,187.59120098390878,185.42373058041275,186.38375854492188,40962000
2024-02-09,186.9486117161699,188.27653811843788,186.30447993507684,187.14682006835938,45155200
2024-02-12,186.72067805809255,186.96842336096995,185.1053738445565,185.46212768554688,41781900
2024-02-13,184.09459726813964,184.53063145226378,181.85496988989732,183.3711700439453,56529500
2024-02-14,183.64864282656313,183.85674041023526,180.79461213824646,182.4891815185547,54630500
2024-02-15,181.89462620990932,182.826151079826,179.71447030737514,182.2018280029297,65434500
2024-02-16,181.76577652013776,183.18288755084293,180.03155935687485,180.66578674316406,49752500
2024-02-20,180.15046783149373,180.78469520216953,178.3766181157698,179.92254638671875,53665600
2024-02-21,180.29911202321813,181.24054108716462,179.03065736673128,180.67568969726562,41371400
2024-02-22,181.825211247954,183.29187418944446,180.81442139510878,182.70718383789062,52292200
2024-02-23,183.34141952676862,183.37114775196545,180.58649310326592,180.87388610839844,45119700
2024-02-26,180.59643039937333,181.11172976770854,179.02075870271764,179.5261688232422,40867400
2024-02-27,179.4666949255866,182.2612539462515,177.94057546451762,180.98289489746094,54318900
2024-02-28,180.86399474191828,181.4684939502017,178.50546948959806,179.78382873535156,48953900
2024-02-29,179.63517226295397,180.92345088953732,177.9108594746495,179.11985778808594,136682600
2024-03-01,177.93069482167198,178.90185225837237,175.78026722267666,178.03970336914062,73563100
2024-03-04,174.56134649455421,175.30458245485661,172.2226300679557,173.5208282470703,81510100
2024-03-05,169.21996658252752,170.48842147609815,168.09024847040442,168.5857391357422,95132400
2024-03-06,169.51723240501005,169.6956168742887,167.1586924388991,167.5947265625,68587700
2024-03-07,167.62447121611535,169.1902233947002,166.97043508778398,167.475830078125,71765100
2024-03-08,167.47583792632756,172.13344696276567,167.41638146834518,169.1902313232422,76267000
2024-03-11,171.38030546468005,172.80732093128213,170.49833272784605,171.1920166015625,60139500
2024-03-12,171.58838326620315,172.46045153320196,169.4676841705973,171.66766357421875,59825400
2024-03-13,171.21183277143888,171.62804307697533,169.21995080494636,169.5866241455078,52488700
2024-03-14,171.35057361629615,172.73794133442243,170.49832912625453,171.43975830078125,72913500
2024-03-15,169.6262365278927,171.0631561279297,168.75416830335303,171.0631561279297,121752700
2024-03-18,173.98658058844927,176.107279800922,171.95506605696912,172.15325927734375,75604200
2024-03-19,172.76767622994936,175.0172080151,171.46949314620932,174.4919891357422,55215200
2024-03-20,174.13524750971308,177.0586395263672,173.5109244079673,177.0586395263672,53423100
2024-03-21,175.45322885093574,175.8892630091755,169.29922879245808,169.82444763183594,106181300
2024-03-22,170.21092760104455,171.48930183291895,168.52626256417108,170.7262420654297,71160100
2024-03-25,169.0316847755244,170.38932429506946,167.92177545566648,169.3091583251953,54288300
2024-03-26,168.4668059986792,169.87399750483326,168.0505957042821,168.17942810058594,57388400
2024-03-27,168.87310882923745,172.0343412561863,168.575811446925,171.7469482421875,60273300
2024-03-28,170.2009950202494,170.67666168943495,168.9721730769184,169.9334259033203,65672700
2024-04-01,169.6460781034487,169.70553455748254,167.9514935576168,168.4965362548828,46240500
2024-04-02,167.5551169522469,167.81276664190898,166.71277681419204,167.31727600097656,49329500
2024-04-03,167.26770493028647,169.14065873561202,167.05960735256843,168.1199493408203,47691700
2024-04-04,168.75416790697062,170.36947196785653,167.2974395751953,167.2974395751953,53704400
2024-04-05,168.0604872534819,168.85327518664994,167.4262599311819,168.0505828857422,42104800
2024-04-08,167.50555706407098,167.67402205960258,166.72268854116854,166.9307861328125,37425500
2024-04-09,167.17854792228746,168.54610700117138,166.8317135282985,168.13980102539062,42373800
2024-04-10,167.27762018668898,167.56499806522814,165.60285963338822,166.26681518554688,49709300
2024-04-11,166.8217782077108,173.87757491447604,166.64340884278624,173.4613494873047,91070300
2024-04-12,172.68839280877705,176.7514221146486,172.63885584160187,174.95774841308594,101670900
2024-04-15,173.7784557074799,175.03700600653332,170.94424900321735,171.13253784179688,73531800
2024-04-16,170.20102235595408,172.19288913903023,166.7524119884344,167.85240173339844,73711200
2024-04-17,168.08034382587564,169.11095775477588,166.48486328125,166.48486328125,50901200
2024-04-18,166.51456987389489,167.11906901091456,165.0479219314042,165.5334930419922,43122900
2024-04-19,164.71098041837104,164.89925413145542,162.60018577080248,163.5118865966797,68149400
2024-04-22,164.0272084619306,165.75150603037284,163.28397258003716,164.3443145751953,48116400
2024-04-23,163.85875133255257,165.54341638804536,163.43262154349364,165.39476013183594,49537800
2024-04-24,165.03799187966663,167.7731094949557,164.7109814111337,167.49563598632812,48251800
2024-04-25,168.0010494911784,169.07131105182287,166.63349053238153,168.35780334472656,50558300
2024-04-26,168.34787265422193,169.79469657988224,167.6541737932701,167.77310180664062,44838400
2024-04-29,171.80639405446584,174.4424074952563,171.5388400360099,171.9352264404297,68169400
2024-04-30,171.76676673002254,173.4117990890393,168.46679764398493,168.7938232421875,65934800
2024-05-01,168.05057530255277,171.1523509575647,167.5848129798778,167.77310180664062,50383100
2024-05-02,170.95416794412498,171.8559644998941,169.34878317714927,171.469482421875,94214900
2024-05-03,184.9666483851495,185.313497878847,181.01264278710423,181.7261505126953,163224100
2024-05-06,180.7054248623681,182.53873097916653,178.79282331517493,180.07119750976562,78569700
2024-05-07,181.79549235772294,183.2324120279765,179.68471275097576,180.7549591064453,77305800
2024-05-08,181.20091221961113,181.41892928578648,179.81352951475225,181.09190368652344,45057100
2024-05-09,180.91352883975787,182.99459544718977,180.4675903156434,182.90541076660156,48983000
2024-05-10,183.48094965782863,183.66949389545601,180.7322193628195,181.64515686035156,50759500
2024-05-13,184.0167922414492,185.66405574980115,183.20307828852305,184.850341796875,72044800
2024-05-14,186.07091921634225,186.8548647149755,184.8602810891409,185.9915313720703,52393600
2024-05-15,186.46787049037354,189.18683240943687,185.9320062923224,188.26397705078125,70400000
2024-05-16,189.00819589014523,189.63336565724362,188.2044148419799,188.38302612304688,52845200
2024-05-17,188.05558877384672,189.34561487480414,187.72811956148706,188.41282653808594,41282900
2024-05-20,187.8769693298537,190.44708847543168,187.55941793463836,189.57383728027344,44361300
2024-05-21,189.62345487533878,191.2508679069906,189.45476137627725,190.87379455566406,42309400
2024-05-22,190.79440205142186,191.3401840301744,188.8097513226368,189.43490600585938,34648500
2024-05-23,189.5142796080912,189.5341303535584,185.1976736824305,185.4457550048828,51005900
2024-05-24,187.37087155015982,189.11735863774422,186.59684388111853,188.52195739746094,36327000
2024-05-28,190.04019905563405,191.51876909707792,187.6487067626696,188.53187561035156,52280100
2024-05-29,188.15483105781396,190.77456966628964,188.05559245514976,188.82960510253906,53068000
2024-05-30,189.29598343446253,190.70508365256933,189.16699143181853,189.82191467285156,49889100
2024-05-31,189.9707550742459,191.09208749217237,188.45249859880175,190.7745361328125,75158300
2024-06-03,191.41954585254337,193.49351725389894,191.04247253185534,192.54087829589844,50080500
2024-06-04,193.14619663099631,193.82098571162214,191.54855228534223,192.85842895507812,47471400
2024-06-05,193.9003813531384,195.38886948576234,193.37445009094603,194.3667755126953,54156800
2024-06-06,194.1881624282746,194.99194358986873,192.679823561343,192.98744201660156,41181800
2024-06-07,193.1560923711586,195.4285255378861,192.6500119747545,195.37890625,53103900
2024-06-10,195.3888672580803,195.78580650726497,190.67532155851157,191.63787841796875,97010200
2024-06-11,192.16378906024917,205.57011360777915,192.14395345618084,205.5601806640625,172373300
2024-06-12,205.77850209290926,218.51003809526938,205.3121079690946,211.4347686767578,198134300
2024-06-13,213.09194207290335,215.08651049080893,209.97604121171418,212.5957794189453,97862700
2024-06-14,212.2088008716011,213.51866257545944,209.678367977573,210.85923767089844,70122700
2024-06-17,211.7324642876032,217.26964179829142,211.08745883873982,215.00714111328125,93728300
2024-06-18,215.9200623200828,216.95208913019513,211.36529274424583,212.6453857421875,79943300
2024-06-20,212.2881218274078,212.5957553570567,207.24712315842214,208.07073974609375,86172500
2024-06-21,208.7753048638977,210.26379271124952,205.52047931568958,205.89756774902344,241805100
2024-06-24,206.12582769938734,211.06760381745957,205.00449518251241,206.5426025390625,80727000
2024-06-25,207.54482679949032,209.75772308170346,207.0089778092255,207.4654541015625,55549700
2024-06-26,209.87681864015101,213.2110325348534,209.0234182045521,211.61338806152344,66213200
2024-06-27,213.04233172557286,214.0842763709762,210.7202940415425,212.4568634033203,49772700
2024-06-28,214.1140554431902,214.41175609103416,208.686034302842,209.00357055664062,82542700
2024-07-01,210.46227761796723,215.84067914098924,210.29358412725625,215.08651733398438,60402900
2024-07-02,214.49110775455017,218.68865467979296,213.4491783018458,218.57949829101562,58046200
2024-07-03,218.31157833867707,219.8496856689453,217.34902153194005,219.8496856689453,37369800
2024-07-05,219.94889718329503,224.71206166235044,219.94889718329503,224.6029052734375,60412400
2024-07-08,225.34715532852172,226.1013322692385,221.53662969916704,226.07156372070312,59085900
2024-07-09,226.180713251394,227.63943274976205,224.63268810415036,226.92495727539062,48076100
2024-07-10,227.54020555015646,231.29119415797783,227.49058625437067,231.19195556640625,62627700
2024-07-11,229.61416127735984,230.60648662367137,224.03729767642758,225.823486328125,64710600
2024-07-12,227.16311346469493,230.8545649156238,226.92494993371525,228.7706756591797,53046500
2024-07-15,234.66509753137677,235.409341553401,231.30111515749465,232.60105895996094,62631300
2024-07-16,233.19644881294397,234.4567062015191,230.54694204130521,233.01783752441406,43234300
2024-07-17,227.6890306172661,229.68361410453295,224.90059902579642,227.1234130859375,57345900
2024-07-18,228.51269423226466,228.67146993188885,220.5641731481692,222.45950317382812,66034600
2024-07-19,223.09458131167176,225.05938116686082,221.5663918696606,222.58848571777344,49151500
2024-07-22,225.2677604657143,226.03185518490554,221.37784711424985,222.24118041992188,48201800
2024-07-23,222.64803919770813,225.19832267550643,220.97100689389265,223.2831268310547,39960300
2024-07-24,222.280880842846,223.0747441599071,215.46361045876344,216.86277770996094,61777600
2024-07-25,217.24978234747041,219.15506035064124,212.97286249707204,215.8208465576172,51391200
2024-07-26,217.02155779536062,217.80550332568987,214.35220009781358,216.28724670410156,41601300
2024-07-29,215.29493390237633,217.61697179557376,214.0942134588753,216.5651092529297,36311800
2024-07-30,217.50779485320817,218.63904514115285,214.46134877521007,217.12078857421875,41643800
2024-07-31,219.74050753338085,222.1022464925354,218.93672649714605,220.37559509277344,50036300
2024-08-01,222.64802807062824,222.7571844619209,215.35444602521784,216.6841583251953,62501000
2024-08-02,217.46809553371503,223.86860618805187,216.0391597412521,218.1726531982422,105568600
2024-08-05,197.56204548052773,211.8614570593827,194.49576385779395,207.66392517089844,119548600
2024-08-06,203.72440665766518,208.37841518370308,199.52687447574846,205.63958740234375,69660500
2024-08-07,205.31211338628992,212.00039184379946,204.80603289763474,208.209716796875,63516400
2024-08-08,211.47445056104476,212.5560815310077,207.22729938249148,211.67291259765625,47161100
2024-08-09,210.47223285968454,215.11630867247783,210.34322570654538,214.58045959472656,42201600
2024-08-12,214.65991863613397,218.07745621052726,214.19298467780987,216.11038208007812,38028100
2024-08-13,217.58074300671984,220.441953079239,217.58074300671984,219.8260040283203,44155300
2024-08-14,219.13055181670978,221.5744891931242,218.2662191901357,220.27304077148438,41960600
2024-08-15,223.13426697458056,223.8793724762866,221.30626328939533,223.25347900390625,46414000
2024-08-16,222.45869413327577,225.34970708383625,222.19045191126241,224.57479858398438,44340200
2024-08-19,224.24695901251525,224.515201244893,221.5844407323156,224.4158477783203,40687800
2024-08-20,224.2966078109087,225.68746521443902,223.97868888483964,225.03176879882812,30299000
2024-08-21,225.04171252806572,226.4921759358446,223.58130467937312,224.9224853515625,34765500
2024-08-22,226.30343225653021,226.84984597984075,222.43881906323927,223.06471252441406,43695300
2024-08-23,224.18732719786422,226.7306179936649,222.8660050723941,225.359619140625,38677300
2024-08-26,225.2801304868265,225.7967411465175,222.4288653159012,225.6973876953125,30602200
2024-08-27,224.5250889075569,227.35649542870257,223.42233233354526,226.54183959960938,35934600
2024-08-28,226.43257756563742,228.35991942602843,224.20719049274723,225.0119171142578,38052200
2024-08-29,228.59836441740794,231.39995310375193,227.3863249726349,228.29037475585938,51906300
2024-08-30,228.68779072729976,228.8964117856607,225.99546942021698,227.50555419921875,52990800
2024-09-03,227.05847075546578,227.50553099413642,219.7266282681139,221.31619262695312,50190600
2024-09-04,220.2134333758585,220.33264539565292,216.06070449558098,219.40872192382812,43840200
2024-09-05,220.1836359939166,224.00850159902006,220.07435325324454,220.92874145507812,36615400
2024-09-06,222.4884846157397,223.7700744804958,218.33577084564575,219.37892150878906,48423000
2024-09-09,219.37892899374344,219.82598924771256,215.2957503769675,219.4683380126953,67180000
2024-09-10,217.49133220778626,220.03462329185413,215.3156216628219,218.67356872558594,51591000
2024-09-11,220.01475867053273,221.63411098197892,216.4680492147489,221.20692443847656,44587100
2024-09-12,221.04795042006705,222.09110108310472,218.38544755210194,221.31619262695312,37455600
2024-09-13,222.12091208096655,222.57790161811045,220.46181236980377,221.04795837402344,36766600
2024-09-16,215.12686027714844,215.80243050187988,212.52396316355507,214.90830993652344,59357400
2024-09-17,214.34202255786693,215.4845116318028,213.10018001697546,215.37522888183594,45519300
2024-09-18,216.1302484418979,221.2565773677011,216.12030400107497,219.249755859375,59894900
2024-09-19,223.52170475455895,228.32018565098164,223.16405353373213,227.37637329101562,66781300
2024-09-20,228.46919216926284,231.56882586153637,226.13452245924367,226.7107391357422,318679900
2024-09-23,225.8563676699032,227.95259834339626,224.33635371548323,224.99205017089844,54146000
2024-09-24,227.15781488965328,227.85325878901892,224.25687274556688,225.88616943359375,43556100
2024-09-25,223.462095237407,225.80669443859438,222.55804543582803,224.8927001953125,42308700
2024-09-26,225.81662129607273,227.00878694842402,223.93895622483703,226.03518676757812,36636700
2024-09-27,226.9690618971705,228.02214184296878,225.8166284941723,226.3034210205078,34026000
2024-09-30,228.53875664504176,231.4794464111328,228.15130238402674,231.4794464111328,54541900
2024-10-01,228.02216122790813,228.15130254219565,222.27988260723768,224.7337646484375,63285000
2024-10-02,224.41584231153624,225.8861795938886,221.56457676904253,225.30003356933594,32880600
2024-10-03,223.67072564154154,225.3298253274289,221.8626109260752,224.197265625,34044200
2024-10-04,226.41271278943105,226.5120662505933,222.66732681912907,225.3199005126953,37245100
2024-10-07,223.0348997045567,224.21713611955545,219.885589131397,220.2432403564453,39505400
2024-10-08,222.83620769655573,224.5052366387564,221.79305702807565,224.29661560058594,31855700
2024-10-09,223.7601370790405,228.25064364916537,223.36275355639287,228.04200744628906,33591100
2024-10-10,226.29350107451606,228.00227752622936,225.68748134269669,227.54527282714844,28183500
2024-10-11,227.80359724609562,227.91287999534921,225.8563814846346,226.0650177001953,31759200
2024-10-14,227.2075041009655,230.21772915238438,227.1081657950345,229.79054260253906,39882100
2024-10-15,232.08544385770335,235.9401275315396,230.853530735341,232.32388305664062,64751400
2024-10-16,230.0885464878877,230.60514196799298,228.34002283458457,230.26736450195312,34082200
2024-10-17,231.9066400773438,232.32391251820164,229.0156421145612,230.63499450683594,32993800
2024-10-18,234.63864623478992,234.63864623478992,232.48280980290272,233.4663543701172,46431500
2024-10-21,232.91995571367772,235.3043021987925,232.91995571367772,234.93670654296875,36254500
2024-10-22,232.36364046895116,234.67843677993508,231.0820656392084,234.32078552246094,38846600
2024-10-23,232.55239985265487,233.60547988580885,226.27363678517082,229.25405883789062,52287000
2024-10-24,228.47914643577636,229.3136761173618,226.91940013747097,229.0653076171875,31109500
2024-10-25,228.24072625952675,231.69801159617745,228.07183749564092,229.8998260498047,38802300
2024-10-28,231.79736647290133,233.1981533252385,231.03238723011694,231.8768310546875,36087100
2024-10-29,231.57880823795904,232.80077708078602,230.8038996879506,232.14508056640625,35417200
2024-10-30,231.09197226998216,231.94636045913163,228.05194445904854,228.59835815429688,47070900
2024-10-31,227.84332326136388,228.33013097812315,223.89923027313517,224.4357147216797,64370100
2024-11-01,219.5279346472888,223.87935529424118,218.83250593091054,221.4552764892578,65276700
2024-11-04,219.54780947276666,221.33605042122997,218.2761640538016,220.56114196777344,44944500
2024-11-05,220.35250394023294,222.4884666635337,219.69680755811166,221.99172973632812,28111300
2024-11-06,221.15724252476647,224.5946691536601,219.74651129717958,221.2665252685547,54561100
2024-11-07,223.16406118155706,226.39285156162418,223.10445516924474,225.99545288085938,42137700
2024-11-08,225.9357792784742,227.4176895436531,225.17991383614745,225.7269287109375,38328800
2024-11-11,223.77755477883602,224.4737485807484,220.29657059338746,223.01173400878906,42005600
2024-11-12,223.3300027044557,224.36434561359883,222.14646565326132,223.01173400878906,40398300
2024-11-13,222.79292649286415,225.41858250992726,221.5497178640296,223.8968963623047,48566200
2024-11-14,223.79747584076947,227.62654977508777,223.77758025105393,226.98008728027344,44923900
2024-11-15,225.16997570047775,225.68715481951833,223.05155818805096,223.777587890625,47923700
2024-11-18,224.0262188410909,228.49183017609323,223.94665165924164,226.7811737060547,44633700
2024-11-19,225.7467938634959,228.90952454109907,225.42854034251505,227.03973388671875,36211800
2024-11-20,226.82094870348703,228.68078414631773,224.6627401240164,227.75584411621094,35169600
2024-11-21,227.63648708983084,228.9095315645878,224.48371169719937,227.2784423828125,42108300
2024-11-22,226.82094518602503,229.46649702017746,226.82094518602503,228.62110900878906,38168300
2024-11-25,230.20248468460477,231.98275293866183,228.49182822914253,231.6048126220703,90152800
2024-11-26,232.06231657216094,234.29015208323423,232.06231657216094,233.7829132080078,45986200
2024-11-27,233.19611792325418,234.40949083683986,232.53970008294309,233.6536102294922,33498400
2024-11-29,233.53426018813377,236.51796100091357,232.69882760276832,236.0405731201172,28481400
2024-12-02,235.98092716494563,239.48179223890946,235.8715241828912,238.28831481933594,48137100
2024-12-03,238.5070834549783,241.44105274520533,237.6020239428951,241.33164978027344,38861000
2024-12-04,241.5504585064531,242.78372692760894,239.93926498233728,241.689697265625,44383900
2024-12-05,242.6644095132275,243.21140922639395,240.81451427308068,241.7195587158203,40033900
2024-12-06,241.59025685240857,243.30091318780651,240.76476447856876,241.5206298828125,36870600
2024-12-09,240.51612576959502,245.89673657618508,240.43655859300793,245.40939331054688,44649200
2024-12-10,245.54863486606115,246.86147053083658,244.00705305092782,246.42385864257812,36914800
2024-12-11,246.61283253090062,249.43739908317045,244.92205654138039,245.15081787109375,45205800
2024-12-12,245.54864477609476,247.3885997871069,244.34521203481492,246.6128387451172,32777500
2024-12-13,246.47357755688842,247.93557694468342,244.90216002667665,246.78189086914062,33155300
2024-12-16,246.6426692963963,250.01425073054844,246.3045049916291,249.67608642578125,51694800
2024-12-17,248.72130738305802,252.45093348613432,248.42293425963442,252.1028289794922,51356400
2024-12-18,250.7900177691265,252.89849494785605,246.39403346062903,246.7023468017578,56774100
2024-12-19,246.15530978567995,250.63086087269232,245.74753371109492,248.432861328125,60882300
2024-12-20,246.69240643268387,253.61459983498276,244.35518295150268,253.1073760986328,147495300
2024-12-23,253.38581895601413,254.26102752773247,252.07298333460633,253.8831024169922,40858800
2024-12-24,254.10192745486222,256.80713572411884,253.90300191480816,256.7972106933594,23234700
2024-12-26,256.78725468311694,258.6868812844183,256.23029959445824,257.61273193359375,27237100
2024-12-27,256.42919055718573,257.29448932345014,251.68511699924173,254.2013702392578,42355300
2024-12-30,250.85962400320443,252.1227283114492,249.38766912858338,250.8297882080078,35557500
2024-12-31,251.0684930674946,251.90392569582917,248.07483671879714,249.05946350097656,39480700
2025-01-02,247.57756417344766,247.74665392379396,240.5062071395791,242.52517700195312,55740700
2025-01-03,242.03781127929688,242.853348279154,240.57579666249651,242.03781127929688,40244100
2025-01-06,242.9826459215422,245.98624232017474,241.8786760145675,243.6688995361328,45045600
2025-01-07,241.6598791297847,244.215923537777,240.0387452815234,240.89407348632812,40856000
2025-01-08,240.6056476428208,242.38593107741448,238.74581220273618,241.38140869140625,37628900
2025-01-10,238.70600665338932,238.85520080045117,231.73409784256125,235.5631866455078,61710900
2025-01-13,232.2612269401141,233.39503269669683,228.47192915300568,233.12649536132812,49630700
2025-01-14,233.47460320476435,234.8371551382162,231.20699165927476,232.01258850097656,39435300
2025-01-15,233.36520475508792,237.66174156203553,233.15633900368562,236.57765197753906,39832000
2025-01-16,236.06049286491137,236.71689557722044,226.79112077355302,227.01986694335938,71759100
2025-01-17,230.85887189963304,231.02794645733286,227.23864886634655,228.73049926757812,68488300
2025-01-21,222.78301644137267,223.20073277609362,218.18812158355374,221.43040466308594,98070400
2025-01-22,218.59587812819439,222.9023551356524,218.59587812819439,222.6139373779297,64126500
2025-01-23,223.51898889751178,225.7965406078772,221.09224303438072,222.44485473632812,60234800
2025-01-24,223.55875977197638,224.4041477572621,220.2070739772995,221.5696258544922,54697900
2025-01-27,222.80290778981754,230.888727332658,222.76311661057002,228.61117553710938,94863400
2025-01-28,229.5957855991,238.88503723433337,229.55599442275542,236.96551513671875,75707600
2025-01-29,232.84801856891494,238.55683854812662,232.73861559310797,238.05955505371094,45486100
2025-01-30,237.37329797187644,239.48177510143526,235.9212386876704,236.29916381835938,55658300
2025-01-31,245.84699474947953,245.84699474947953,232.1716998572169,234.71778869628906,100959800
2025-02-03,228.7404478557844,230.5704473180637,224.4737473364884,226.7711944580078,73063300
2025-02-04,226.01533721300711,231.8633956790269,225.4185909783935,231.53518676757812,45067300
2025-02-05,227.2883591707339,231.4058652892623,227.02977725515262,231.2069549560547,39620300
2025-02-06,230.03338922164468,232.5297620441898,229.17806101517482,231.95291137695312,29925300
2025-02-07,231.33629458433444,232.72868233994458,226.02529517161955,226.39329528808594,39707200
2025-02-10,228.57376015165607,229.58932279803912,226.21403472606798,226.66207885742188,33115600
2025-02-11,227.20971719471092,234.2092091135714,227.1400288616486,231.61053466796875,53718400
2025-02-12,230.19670873650108,235.93172304376256,229.67896101319025,235.84210205078125,45243300
2025-02-13,235.8819260401158,241.28835511000761,234.54774465400956,240.48187255859375,53614100
2025-02-14,240.2030902821229,244.484433375407,239.94422402720738,243.53855895996094,40896200
2025-02-18,243.09051524526637,244.1160443880909,240.79054182412452,243.4091339111328,48822500
2025-02-19,243.59827761149603,244.94241003871878,242.1047870084227,243.80735778808594,32204200
2025-02-20,243.87707690453925,245.70908851524857,243.2298884862767,244.76321411132812,32316900
2025-02-21,244.88269415360097,247.61080936192474,244.15586625078134,244.48443603515625,53197400
2025-02-24,243.86711335623195,247.7800669312537,243.3593319822528,246.0277099609375,51326400
2025-02-25,246.92381259977986,248.91513366913293,243.84722519384715,245.9679718017578,48013300
2025-02-26,243.26972892021308,243.91690216055417,238.0922974197643,239.31695556640625,44433600
2025-02-27,238.37109275336516,241.40786042901627,236.0312844149354,236.27024841308594,41153600
2025-02-28,235.9217631442628,241.03945773883657,229.20105446423008,240.79054260253906,56833400
2025-03-03,240.7407483660274,242.97103338088397,235.08540395372597,236.9970703125,47184000
2025-03-04,236.6784633674393,239.02822274747484,233.6615980851158,234.9061737060547,53798100
2025-03-05,234.3983766092207,235.5234777567522,228.23523611666363,234.7169952392578,47227600
2025-03-06,233.42263965762712,236.82779659290307,232.14819548977783,234.30877685546875,45170400
2025-03-07,234.08974000390756,240.32256924437755,233.74125275300776,238.03256225585938,46273600
2025-03-10,234.5178647329352,235.13518456664028,223.24699590534985,226.4928436279297,72071200
2025-03-11,222.83878108425105,224.85997074742775,216.5063794973434,219.8816680908203,76137400
2025-03-12,219.18469713036333,220.78771110845915,213.9773970817033,216.0384063720703,62547500
2025-03-13,215.01287598245443,215.899013195213,207.51555384047248,208.77008056640625,61368300
2025-03-14,210.3332680009786,213.02154815111564,208.67051688888432,212.5635528564453,60107600
2025-03-17,212.3843419118567,214.28605714072168,209.0588394397278,213.07135009765625,48073400
2025-03-18,213.23065092190424,214.21634506867483,210.57223927739028,211.76702880859375,42432400
2025-03-19,213.29039128502816,217.8106832228152,212.8224296395377,214.30596923828125,54385400
2025-03-20,213.0613904363763,216.5462020975973,211.29906714235267,213.17091369628906,48862900
2025-03-21,210.6419412957371,217.8903488075446,210.36315756009637,217.3228302001953,94127800
2025-03-24,220.04097309502072,220.5188858867363,217.63147647971348,219.7721405029297,44299500
2025-03-25,219.81195837594151,223.12750944589686,219.12495024533285,222.77902221679688,34493600
2025-03-26,222.54008343913912,224.0435405886843,219.51328206033222,220.5686798095703,34466100
2025-03-27,220.42928473771144,224.0136687326393,219.60288467242046,222.8786163330078,37094800
2025-03-28,220.7080664246457,222.8387793372666,216.73537546649092,216.9544219970703,39818600
2025-03-31,216.0682695484103,224.6409066608951,215.29165561007284,221.1660614013672,65299300
2025-04-01,218.85611373602535,222.70931468653842,217.95005911072687,222.22145080566406,36412700
2025-04-02,220.3595869543347,224.21278818927524,220.06088576879955,222.91842651367188,35905900
2025-04-03,204.64805110026137,206.58960121618028,200.37667426890133,202.30825805664062,103419000
2025-04-04,193.0486144227304,199.01262630823254,186.52703508606032,187.56253051757812,125910900
2025-04-07,176.43103817745248,193.30748067285785,173.86223225537526,180.6725616455078,160466300
2025-04-08,185.88983084847527,189.51403482217904,168.47573669018362,171.6717987060547,120859500
2025-04-09,171.20381523449285,199.7394480269994,171.14407803694525,197.98709106445312,184395900
2025-04-10,188.24954112448538,193.93475416517637,182.20587449762067,189.5936737060547,121880000
2025-04-11,185.29243322025624,198.67409816298056,185.25259829067514,197.29013061523438,87435900
2025-04-14,210.52244846919626,212.01593914767514,200.28706023476008,201.6411590576172,101352900
2025-04-15,200.98403365195668,202.62686743682656,198.93297540670014,201.2628173828125,51343900
2025-04-16,197.49920369317184,199.8290454554037,191.53519224238798,193.4269561767578,59732400
2025-04-17,196.34426016251078,197.96719174329118,193.5763250102755,196.12521362304688,52164700
2025-04-21,192.43130060162235,192.958999427942,188.98630873883343,192.32177734375,46742500
2025-04-22,195.26892870764283,200.7151927551101,195.11958571249494,198.87322998046875,52976400
2025-04-23,205.1060461943045,207.0973670311424,201.9199358938783,203.71212768554688,52929200
2025-04-24,204.00086522918792,207.92376976062596,202.05933042602183,207.46575927734375,47311000
2025-04-25,205.47445049920006,208.8397878176709,205.30519003897632,208.371826171875,38222300
2025-04-28,209.088696522261,210.5821872117057,206.55972563953335,209.22808837890625,38743100
2025-04-29,207.7844034400983,211.31900144522857,207.46578477039023,210.29347229003906,36827600
2025-04-30,208.39173986928208,212.65316547487808,205.7731479657814,211.57785034179688,52286500
2025-05-01,208.1726964341785,213.62891164873253,207.99346964638974,212.39430236816406,57365700
2025-05-02,205.19567188008233,206.0917754590827,201.2827333487594,204.45889282226562,101010600
2025-05-05,202.21865389928206,203.21431440062256,197.34987465543003,198.02691650390625,69018500
2025-05-06,197.3498735756035,199.77927242381972,196.16503515467957,197.6485595703125,51216500
2025-05-07,198.30568786560423,198.5745204381265,192.4113798882551,195.3983612060547,68536700
2025-05-08,196.86199326420865,199.18188402861682,193.83517686729027,196.63299560546875,50478900
2025-05-09,198.13644922219603,199.66975978270045,196.68277813613466,197.66848754882812,36453900
2025-05-12,210.32994399020487,210.62903686932515,206.12274573806786,210.15048217773438,63775800
2025-05-13,209.79158118866218,212.75257189298435,208.36592688565332,212.28399658203125,51909300
2025-05-14,211.78550901932945,213.29093762104833,209.94113079478424,211.68582153320312,49325800
2025-05-15,210.31001909194578,212.31393091132972,208.90429308394448,210.80850219726562,45029500
2025-05-16,211.71574852428404,211.9251181254035,209.13360964796243,210.61907958984375,54737900
2025-05-19,207.27923550566183,208.84446444770495,203.64029993754312,208.14659118652344,46140500
2025-05-20,207.03996203611737,207.83753801206538,204.40797196423648,206.232421875,42496600
2025-05-21,204.54755595275296,206.4118779017609,200.10109516487896,201.47689819335938,59211800
2025-05-22,200.1010930441042,202.13489740214874,199.0941474443519,200.74911499023438,46742400
2025-05-23,193.08241474951325,197.10018674879547,192.87306039619787,194.6775665283203,78432900
2025-05-27,197.6983910952664,200.1309909415137,196.83102019804124,199.60260009765625,56288500
2025-05-28,199.98144837254895,202.11495545301858,199.29353925378823,199.8119659423828,45339700
2025-05-29,202.96236033905296,203.19165828241367,197.90773491315443,199.34336853027344,51396800
2025-05-30,198.7651407343476,201.3472946799051,196.18300200128658,200.24066162109375,70819900
2025-06-02,199.67238359256916,201.51677709467234,199.51286535414474,201.08807373046875,35423300
2025-06-03,200.73914706631285,203.1518034040851,200.35033086337637,202.6533203125,46381600
2025-06-04,202.29440469878628,205.6143037964219,201.48686455307688,202.20468139648438,43604000
2025-06-05,202.8826044104843,204.12881205428334,199.54276184010462,200.0213165283203,55126100
2025-06-06,202.3841235560851,205.07592905349443,201.4370087789868,203.30133056640625,46607700
2025-06-09,203.76990423179717,205.3750202901374,199.41316716451473,200.8388214111328,72862600
2025-06-10,199.99141796230995,203.73004106569937,199.96151019448254,202.0551300048828,54672600
2025-06-11,202.88260699920767,203.8795731269679,197.80805305990708,198.1769256591797,60989900
2025-06-12,198.47602627663701,199.07419684911244,196.7612432530472,198.5956573486328,43904600
2025-06-13,199.12405177447246,199.76210952406473,195.1062792678608,195.85400390625,51447300
2025-06-16,196.701426450214,198.08720880439395,195.96366601516638,197.81802368164062,43020700
2025-06-17,196.60172782081946,197.7881200100286,194.61777485692886,195.0464630126953,38856200
2025-06-18,195.34553910938874,196.97059871241268,194.4781834746436,195.9835968017578,45394700
2025-06-20,197.63859168364695,201.0880863339216,196.26277341287403,200.3902130126953,96813500
2025-06-23,201.01828233775666,201.686247808318,198.3563846401482,200.888671875,55814300
2025-06-24,201.9753521214132,202.82277936444737,199.59260382672892,199.6923065185547,54064000
2025-06-25,200.83881944772682,203.052085424857,200.01133575244882,200.948486328125,39525700
2025-06-26,200.81890119127095,202.02523702778157,198.85489170599743,200.3902130126953,50799100
2025-06-27,201.27751091280393,202.6034778198992,199.39324535272064,200.469970703125,73188600
2025-06-30,201.39711462840114,206.76079706763053,198.65545787730727,204.5475311279297,91912800
2025-07-01,206.04299395149746,209.55231908550664,205.51460310500556,207.18951416015625,78788900
2025-07-02,208.2761972389462,212.69274987948137,207.5085290616707,211.7954864501953,67941800
2025-07-03,211.50635319299207,213.99876845669687,211.16738836812712,212.90211486816406,34955800
2025-07-07,212.03476276559877,215.57399579559095,208.16654427869605,209.31304931640625,50229000
2025-07-08,209.46258702266434,210.78853856973336,207.81758380403343,209.3728485107422,42848900
2025-07-09,208.8943192909964,210.6888614301138,206.59132988433592,210.4994354248047,48749400
2025-07-10,209.87133445003573,212.83232507172787,209.39279496736208,211.7655792236328,44443600
2025-07-11,209.931172276849,211.48643705736623,209.2233196075129,210.51937866210938,39765800
2025-07-14,209.29308368901172,210.27012140888866,206.9103353456299,207.987060546875,38840100
2025-07-15,208.5852528191871,211.24715053377864,208.28615994072268,208.4755859375,42296300
2025-07-16,209.6619745482938,211.75559423754484,208.00700716596054,209.52239990234375,47490500
2025-07-17,209.93116216460888,211.15742622671814,208.95412441878605,209.38282775878906,48068100
2025-07-18,210.23024956462245,211.1474566075158,209.06380098140497,210.539306640625,48974600
2025-07-21,211.45652088357517,215.12534891613055,210.98794558852114,211.83535766601562,51377400
2025-07-22,212.49335516085276,214.29786137817433,211.58611235366487,213.74952697753906,46404100
2025-07-23,214.3477172095632,214.4972560435483,211.76557859278188,213.5002899169922,46989300
2025-07-24,213.25105536667797,215.03563331063384,212.8821827557749,213.11148071289062,46022600
2025-07-25,214.0486138925591,214.58698409364732,212.75255494872997,213.23110961914062,40268800
2025-07-28,213.38067592321022,214.1981955143971,212.41361748607306,213.40061950683594,37858000
2025-07-29,213.53020352524888,214.1582970701604,210.18041185237743,210.62904357910156,51411700
2025-07-30,211.2571312800854,211.74565019362484,207.08981987426867,208.41578674316406,45512500
2025-07-31,207.85746883247032,209.2033639475293,206.5315020865265,206.9402618408203,80698400
2025-08-01,210.23023901853355,212.93202387361222,200.88867142379772,201.76600646972656,104434500
2025-08-04,203.8895472057539,207.24933356384108,201.06813110178,202.7330780029297,75109300
2025-08-05,202.78290655256814,204.71702329589334,201.54667827641916,202.3043670654297,44155100
2025-08-06,205.00615029681612,214.72657006985978,204.96626313259566,212.60302734375,108483100
2025-08-07,218.2159523061407,220.1799768073744,215.92292715514498,219.36245727539062,90224800
2025-08-08,220.16001960779298,230.29916273925562,218.58481138779996,228.6541748046875,113854000
2025-08-11,227.48640043221798,229.12327986736793,224.3324083989562,226.747802734375,61806100
2025-08-12,227.57622481823222,230.36092560837628,226.63802588155738,229.21310424804688,55626200
2025-08-13,230.6304284784954,234.55294488479396,229.99163136972763,232.88612365722656,69878500
2025-08-14,233.6147219132583,234.67270293292236,230.41083714463488,232.337158203125,51916300
2025-08-15,233.5548328767578,233.834298979768,228.9036945156081,231.1494140625,56038700
2025-08-18,231.25921652669462,232.67651332576617,229.672244959047,230.4507598876953,37476200
2025-08-19,230.84001516813981,232.42698672077375,228.9136940815642,230.1213836669922,39402600
2025-08-20,229.54248102593337,230.0315543310328,225.3404986724704,225.5800323486328,42263900
2025-08-21,225.83955683035407,226.08908123987146,223.35428822884654,224.47215270996094,30621200
2025-08-22,225.73973438952316,228.65417758009713,224.98118568943215,227.3267059326172,42477800
2025-08-25,226.04912998143794,228.86377239669042,225.79960559269966,226.72784423828125,30983100
2025-08-26,226.43840339540802,229.0534295301293,224.26255788237486,228.87376403808594,54575100
2025-08-27,228.17510050695543,230.46073738560713,227.82576024347395,230.05152893066406,31259500
2025-08-28,230.3809040856524,232.9659733126178,228.90370861616245,232.11758422851562,38074700
2025-08-29,232.0676707602769,232.9360260407387,230.92984008944924,231.69837951660156,39418400
2025-09-02,228.81388239599917,230.4108447009183,226.53822101083426,229.28298950195312,44075600
2025-09-03,236.75874463665696,238.395624134605,233.9141603097862,238.01634216308594,66427800
2025-09-04,237.99636566705198,239.44360411673358,236.28962732845326,239.32383728027344,47549400
2025-09-05,239.54341659874092,240.86091270031892,238.03629475202086,239.2340087890625,54870400
2025-09-08,238.84475646782593,239.69313028194867,235.89038089866295,237.42745971679688,48999500
2025-09-09,236.54912730927947,238.3257397896772,232.9160527142261,233.9041748046875,66313900
2025-09-10,231.7482872752143,231.97784546194652,225.52015268533836,226.35855102539062,83440800
2025-09-11,226.44839058875493,230.01159113632517,226.21881717306923,229.59239196777344,50208600
2025-09-12,228.78393068206054,234.06386022938602,228.58431421011397,233.6247100830078,55824200
2025-09-15,236.54912714503797,237.7368657054393,234.58287368836292,236.24969482421875,42699500
2025-09-16,236.72878926810645,240.76111223381088,235.87043992435724,237.6969451904297,63421100
2025-09-17,238.5153883976145,239.6432435766681,237.27774187166392,238.5353546142578,46508000
2025-09-18,239.5134800259323,240.74113579799257,236.199788714976,237.42745971679688,44249600
2025-09-19,240.77107799962133,245.83144010441063,239.7530294205925,245.032958984375,163741300
2025-09-22,247.82763635806887,256.15178189089505,247.64797087114997,255.5928192138672,105517400
2025-09-23,255.39322235208516,256.8504363399061,253.0975947938589,253.9459686279297,60275200
2025-09-24,254.73446948849343,255.2534845023776,250.56241362070242,251.8300018310547,42303700
2025-09-25,252.72829161839874,256.6807646844572,251.2311452680336,256.3813171386719,55202100
2025-09-26,253.61660096533106,257.10994249251326,253.2972024297037,254.97401428222656,46076300
2025-09-29,254.0757261912774,254.5148915782133,252.52867184357527,253.9459686279297,40127700
2025-09-30,254.37515755125318,255.4331385813304,252.6284867333586,254.14559936523438,37704300
2025-10-01,254.55481135314994,258.29769267334166,254.44502000530687,254.9640350341797,48713900
2025-10-02,256.09186667190835,257.68882891050583,253.66649683440303,256.6408386230469,42630200
2025-10-03,254.18552630266564,258.7468246365968,253.46689477740222,257.5291442871094,49155600
2025-10-06,257.49917477533796,258.57713717661323,254.56478079871025,256.20166015625,44664100
2025-10-07,256.32145476920215,256.9103287268919,254.94407514023973,255.99209594726562,31955800
2025-10-08,256.03201279963565,258.0282082133661,255.62278908467795,257.569091796875,36496900
2025-10-09,257.3195337882977,257.50917476461467,252.65841993311406,253.55670166015625,38322000
2025-10-10,254.45500785015722,255.8922708493858,243.53581752909898,244.80340576171875,61999100
2025-10-13,248.90558714178317,249.2149949644775,245.09284695690994,247.18885803222656,38142900
2025-10-14,246.13087266264282,248.37659224814226,244.23447809703134,247.29864501953125,35478000
2025-10-15,249.01538540478128,251.3409547309234,246.99922390992754,248.86566162109375,33893600
2025-10-16,247.77774448085987,248.56623493239263,244.66368465033412,246.97926330566406,39777000
2025-10-17,247.5481624372989,252.89796599708643,246.79958926324147,251.81002807617188,49147000
2025-10-20,255.4032084113237,263.87706298772724,255.14370850365398,261.7411193847656,90483000
2025-10-21,261.3817895915523,264.7853058703715,261.3318664386604,262.27008056640625,46695900
2025-10-22,262.15033525743416,262.349966966352,254.94406918261987,257.9583435058594,45015300
2025-10-23,259.4454820834593,260.12418111371363,257.51916110368444,259.0861511230469,32754900
2025-10-24,260.69313376057823,263.62754335723145,258.68694768993146,262.3200378417969,38253700
2025-10-27,264.37609822840903,268.60802232244004,264.1465248140549,268.2986145019531,44888200
2025-10-28,268.4782600095115,269.3765722048576,267.63986169210665,268.4882507324219,41534800
2025-10-29,268.76770579477784,270.8936584399069,266.6018207191691,269.1869201660156,51086700
2025-10-30,271.4725408872279,273.6184749716116,267.969239224885,270.8836669921875,69886500
2025-10-31,276.4630533049319,276.79244258078194,268.647962249571,269.85565185546875,86167100
2025-11-03,269.90556627002525,270.33474092754267,265.74348587775046,268.53814697265625,50194600
2025-11-04,267.8195068636227,270.9734988318123,267.11086611942017,269.5262756347656,49274800
2025-11-05,268.0989800730272,271.18312844251227,266.4221834255846,269.6260986328125,43683100
2025-11-06,267.38037702601645,272.8798740142925,267.38037702601645,269.25677490234375,51204000
2025-11-07,269.28671541495146,271.7719991063764,266.26248096015127,267.9592590332031,48227400
2025-11-10,268.7085692371889,273.4741297822401,267.20997142836535,269.1781311035156,41312400
2025-11-11,269.55775905965567,275.65206242273547,269.5477586519058,274.99267578125,46208300
2025-11-12,274.74292397164845,275.4722525277038,271.4460210796085,273.21435546875,48398000
2025-11-13,273.85374352181776,276.4413491841305,271.83564282199285,272.6948547363281,49602800
2025-11-14,270.7965900477885,275.70200347225597,269.3479639093673,272.15533447265625,47431300
2025-11-17,268.5687054184609,270.2371271729127,265.48159771217263,267.2099609375,45018300
2025-11-18,269.7376065335732,270.4569347049811,265.0719890725528,267.19000244140625,45677300
2025-11-19,265.2817633125939,271.9555110777923,265.2517925781922,268.3089294433594,40424500
2025-11-20,270.5768036466949,275.17250947675234,265.67142054546326,266.0010986328125,45823600
2025-11-21,265.70137680880595,273.0744516711978,265.4216397990326,271.2361755371094,59030800
2025-11-24,270.64675212306133,276.7410558404627,270.64675212306133,275.6620788574219,65585800
2025-11-25,275.012667049666,280.1179060838009,274.9926967216935,276.7110900878906,46914200
2025-11-26,276.70108254872224,279.26868736786383,276.3714044558947,277.29052734375,33431400
2025-11-28,277.0008150112318,278.73917862681736,275.73198274965245,278.5893249511719,20135600
2025-12-01,277.75011957449965,283.1550658399818,275.88187257202503,282.8353576660156,46587700
2025-12-02,282.7354345985028,287.1313151163589,282.36578537497866,285.9224548339844,53669500
2025-12-03,285.9324708384744,288.35019153510143,283.0351573834178,283.8843688964844,43538700
2025-12-04,283.83440686502166,284.46382276925783,278.32954829392816,280.4375915527344,43989100
2025-12-05,280.27774306596746,280.8771882481053,277.79005013345267,278.5193786621094,47265800
2025-12-08,277.86998437615557,279.4085531850005,275.8918244790692,277.6302185058594,38211800
2025-12-09,277.8999627322321,279.7682096639769,276.6611317163261,276.9208679199219,32193300
2025-12-10,277.490342786908,279.48847306800184,276.1815698919154,278.5193786621094,33038300
2025-12-11,278.83908758708685,279.3286197507982,273.5540244422053,277.77008056640625,33248000
2025-12-12,277.64021728323,278.9589906850317,276.5612402656973,278.0198669433594,39532900
2025-12-15,279.8880911943856,279.8880911943856,272.5849275039148,273.8537292480469,50409100
2025-12-16,272.5649667835892,275.2424541197232,271.53593087885605,274.353271484375,37648600
2025-12-17,274.75292651919426,275.90184538512057,271.38608172110213,271.58587646484375,50138700
2025-12-18,273.35420232069225,273.374203136776,266.7004552212896,271.935546875,51630700
2025-12-19,271.8955859651445,274.34330788170604,269.64768928264715,273.4141845703125,144632000
2025-12-22,272.6048920133635,273.62395794129594,270.25711338978425,270.7166748046875,36571800
2025-12-23,270.5868091030317,272.2452609569047,269.30800689497966,272.1053771972656,29642000
2025-12-24,272.085389177814,275.17249671786806,271.9455359163183,273.55401611328125,17910600
2025-12-26,273.9037084592662,275.1125687682936,272.6049054553,273.1444091796875,21521800
2025-12-29,272.4350823114352,274.10350406329195,272.0954038139857,273.50408935546875,23715200
2025-12-30,272.5549704076282,273.82377221524894,272.02546707967076,272.82470703125,22139600
2025-12-31,272.80472532736104,273.42414083736213,271.49595243002375,271.6058349609375,27293600
2026-01-02,272.0054842546519,277.58025431004916,268.7485221479618,270.75665283203125,37838100
2026-01-05,270.38700744645297,271.25618925068443,265.89121426121545,267.0101623535156,45647200
2026-01-06,266.7503924619391,267.2998660934885,261.8749496989937,262.1147155761719,52352100
2026-01-07,262.95395138764474,263.4334831315393,259.56710600115036,260.08660888671875,48309800
2026-01-08,256.7797203952787,259.0476178563403,255.46096229095477,258.7978515625,50419300
2026-01-09,258.8377955175017,259.9667440583015,255.98048371428257,259.1275329589844,39997000
2026-01-12,258.9177364764393,261.05572011368304,256.5599267903311,260.0067138671875,45263800
2026-01-13,258.4781303943212,261.56523797230057,258.148452318208,260.8059387207031,45730800
2026-01-14,259.247418118488,261.57525710051715,256.4700180914029,259.71697998046875,40019400
2026-01-15,260.40631875644857,260.7959687899761,256.8096782083212,257.9685974121094,39388600
2026-01-16,257.6589020182799,258.6579671912775,254.69167723491495,255.29112243652344,72142800
2026-01-20,252.49373739571587,254.55180921698133,243.19244305608962,246.46937561035156,80267500
2026-01-21,248.46750904444812,251.3248360900433,244.9507953165175,247.41848754882812,54641700
2026-01-22,248.96703988447874,250.76536025794266,247.9180183962477,248.1178436279297,39708300
2026-01-23,247.08880782235642,249.17685039145397,244.45126111041233,247.80812072753906,41689000
2026-01-26,251.24490015634893,256.32015295784896,249.5664780183616,255.17123413085938,55969200
2026-01-27,258.92771692213245,261.70511669708895,257.96859246831417,258.0285339355469,49648300
2026-01-28,257.409147241713,258.61800761819165,254.27208306792676,256.2002868652344,41288000
2026-01-29,257.75880668092503,259.4072580677027,254.17216647920577,258.0385437011719,67253000
2026-01-30,254.93144331105526,261.6551472598355,251.94423313215475,259.2374267578125,92443400
2026-02-02,259.7869174093499,270.2371306501278,258.9676766447768,269.7575988769531,73913400
2026-02-03,268.9483513556569,271.6258386480508,267.3598109321867,269.22808837890625,64394700
2026-02-04,272.03545112075,278.68922850453845,272.03545112075,276.23150634765625,90545700
2026-02-05,277.86999494352693,279.2387093202658,272.97458180817284,275.6520690917969,52977400
2026-02-06,276.8609202349588,280.6473855638201,276.67109542368036,277.8599853515625,50453400
2026-02-09,277.9100036621094,278.20001220703125,271.70001220703125,274.6199951171875,44623400
2026-02-10,274.8900146484375,275.3699951171875,272.94000244140625,273.67999267578125,34376900
2026-02-11,274.70001220703125,280.17999267578125,274.45001220703125,275.5,51931300
2026-02-12,275.5899963378906,275.7200012207031,260.17999267578125,261.7300109863281,81077200
2026-02-13,262.010009765625,262.2300109863281,255.4499969482422,255.77999877929688,56290700
2026-02-17,258.04998779296875,266.2900085449219,255.5399932861328,263.8800048828125,58469100
2026-02-18,263.6000061035156,266.82000732421875,262.45001220703125,264.3500061035156,34203300
2026-02-19,262.6000061035156,264.4800109863281,260.04998779296875,260.5799865722656,30845300
2026-02-20,258.9700012207031,264.75,258.1600036621094,264.5799865722656,42070500
2026-02-23,263.489990234375,269.42999267578125,263.3800048828125,266.17999267578125,37308200
2026-02-24,267.8599853515625,274.8900146484375,267.7099914550781,272.1400146484375,47014600
2026-02-25,271.7799987792969,274.94000244140625,271.04998779296875,274.2300109863281,33714300
2026-02-26,274.95001220703125,276.1099853515625,270.79998779296875,272.95001220703125,32345100
2026-02-27,272.80999755859375,272.80999755859375,262.8900146484375,264.17999267578125,72366500
2026-03-02,262.4100036621094,266.5299987792969,260.20001220703125,264.7200012207031,41827900
2026-03-03,263.4800109863281,265.55999755859375,260.1300048828125,263.75,38568900
2026-03-04,264.6499938964844,266.1499938964844,261.4200134277344,262.5199890136719,39803100
2026-03-05,260.7900085449219,261.55999755859375,257.25,260.2900085449219,49658600
2026-03-06,258.6300048828125,258.7699890136719,254.3699951171875,257.4599914550781,41120000
2026-03-09,255.69000244140625,261.1499938964844,253.67999267578125,259.8800048828125,38218500
2026-03-10,257.6499938964844,262.4800109863281,256.95001220703125,260.8299865722656,30590800
2026-03-11,261.0899963378906,262.1300048828125,259.54998779296875,260.80999755859375,26218900
2026-03-12,258.6600036621094,258.95001220703125,254.17999267578125,255.75999450683594,40794000
2026-03-13,255.47999572753906,256.3299865722656,249.52000427246094,250.1199951171875,36930000
2026-03-16,252.11000061035156,253.88999938964844,249.8800048828125,252.82000732421875,32074200
2026-03-17,252.9600067138672,255.1300048828125,252.17999267578125,254.22999572753906,32361600
2026-03-18,252.6300048828125,254.94000244140625,249.0,249.94000244140625,35757900
2026-03-19,249.39999389648438,251.8300018310547,247.3000030517578,248.9600067138672,34864100
2026-03-20,247.97999572753906,249.1999969482422,246.0,247.99000549316406,88331100
2026-03-23,253.97000122070312,254.60000610351562,250.27999877929688,251.49000549316406,40546100
2026-03-24,250.35000610351562,254.8300018310547,249.5500030517578,251.63999938964844,45152300
2026-03-25,254.10000610351562,255.0,251.60000610351562,252.6199951171875,28476700
2026-03-26,252.1199951171875,257.0,250.77000427246094,252.88999938964844,41796700
2026-03-27,253.89999389648438,255.49000549316406,248.07000732421875,248.8000030517578,47900000
2026-03-30,250.07000732421875,250.8699951171875,245.50999450683594,246.6300048828125,39446200
2026-03-31,247.91000366210938,255.47999572753906,247.10000610351562,253.7899932861328,49598100
2026-04-01,254.0800018310547,256.17999267578125,253.3300018310547,255.6300048828125,40059400
2026-04-02,254.1999969482422,256.1300048828125,250.64999389648438,255.9199981689453,31289400
2026-04-06,256.510009765625,262.1600036621094,256.4599914550781,258.8599853515625,29329900
2026-04-07,256.1600036621094,256.20001220703125,245.6999969482422,253.5,62148000
2026-04-08,258.45001220703125,259.75,256.5299987792969,258.8999938964844,41032800
2026-04-09,259.0,261.1199951171875,256.07000732421875,260.489990234375,28121600
2026-04-10,259.9800109863281,262.19000244140625,259.0199890136719,260.4800109863281,31291500
2026-04-13,259.7300109863281,260.17999267578125,256.6600036621094,259.20001220703125,36234700
2026-04-14,259.25,261.92999267578125,257.19000244140625,258.8299865722656,48370700
2026-04-15,258.1600036621094,266.55999755859375,257.80999755859375,266.42999267578125,49913500
2026-04-16,266.79998779296875,267.1600036621094,261.2699890136719,263.3999938964844,43323100
2026-04-17,266.9599914550781,272.29998779296875,266.7200012207031,270.2300109863281,61436200
2026-04-20,270.3299865722656,274.2799987792969,270.2900085449219,273.04998779296875,36590200
2026-04-21,271.5,272.79998779296875,265.3999938964844,266.1700134277344,50209800
2026-04-22,267.82000732421875,273.739990234375,266.8699951171875,273.1700134277344,43249200
2026-04-23,275.04998779296875,275.7699890136719,271.6499938964844,273.42999267578125,33399600
2026-04-24,272.760009765625,273.05999755859375,269.6499938964844,271.05999755859375,38157100
2026-04-27,266.0899963378906,268.3599853515625,265.07000732421875,267.6099853515625,41466800
2026-04-28,272.3399963378906,273.2300109863281,268.6600036621094,270.7099914550781,40018900
2026-04-29,267.54998779296875,271.0400085449219,267.0400085449219,270.1700134277344,24117049
